Time,Arcs
0,"n1 => n2, n3 => n4, n7 => n8, n13 => n14, n26 => n27, n41 => n42, n47 => n48, n69 => n70"
1,"n2 => n0, n4 => n5, n8 => n6"
2,"n0 => n1, n5 => n3, n6 => n7, n14 => n15, n27 => n28, n42 => n43, n48 => n49, n70 => n71"
3,"n1 => n2, n3 => n4, n7 => n8"
4,"n2 => n0, n4 => n5, n8 => n6, n15 => n16, n28 => n29, n43 => n44, n49 => n50, n71 => n72"
5,"n0 => n1, n5 => n3, n6 => n7"
6,"n1 => n2, n3 => n4, n7 => n8, n16 => n17, n29 => n30, n44 => n33, n50 => n51, n72 => n73"
7,"n2 => n0, n4 => n5, n8 => n6"
8,"n0 => n1, n5 => n3, n6 => n7, n17 => n18, n30 => n31, n33 => n34, n51 => n52, n73 => n74"
9,"n1 => n2, n3 => n4, n7 => n8"
10,"n2 => n0, n4 => n5, n8 => n6, n18 => n19, n31 => n32, n34 => n35, n52 => n53, n74 => n75"
11,"n0 => n1, n5 => n3, n6 => n7"
12,"n1 => n2, n3 => n4, n7 => n8, n19 => n20, n32 => n21, n35 => n36, n53 => n54, n75 => n76"
13,"n2 => n0, n4 => n5, n8 => n6"
14,"n0 => n1, n5 => n3, n6 => n7, n20 => n9, n21 => n22, n36 => n37, n54 => n55, n76 => n77"
15,"n1 => n2, n3 => n4, n7 => n8"
16,"n2 => n0, n4 => n5, n8 => n6, n9 => n10, n22 => n23, n37 => n38, n55 => n56, n77 => n78"
17,"n0 => n1, n5 => n3, n6 => n7"
18,"n1 => n2, n3 => n4, n7 => n8, n10 => n11, n23 => n24, n38 => n39, n56 => n45, n78 => n79"
19,"n2 => n0, n4 => n5, n8 => n6"
20,"n0 => n1, n5 => n3, n6 => n7, n11 => n12, n24 => n25, n39 => n40, n45 => n46, n79 => n80"
21,"n1 => n2, n3 => n4, n7 => n8"
22,"n2 => n0, n4 => n5, n8 => n6, n12 => n13, n25 => n26, n40 => n41, n46 => n47, n80 => n57"
23,"n0 => n1, n5 => n3, n6 => n7"
24,"n1 => n2, n3 => n4, n7 => n8, n13 => n14, n26 => n27, n41 => n42, n47 => n48, n57 => n58"
25,"n2 => n0, n4 => n5, n8 => n6"
26,"n0 => n1, n5 => n3, n6 => n7, n14 => n15, n27 => n28, n42 => n43, n48 => n49, n58 => n59"
27,"n1 => n2, n3 => n4, n7 => n8"
28,"n2 => n0, n4 => n5, n8 => n6, n15 => n16, n28 => n29, n43 => n44, n49 => n50, n59 => n60"
29,"n0 => n1, n5 => n3, n6 => n7"
30,"n1 => n2, n3 => n4, n7 => n8, n16 => n17, n29 => n30, n44 => n33, n50 => n51, n60 => n61"
31,"n2 => n0, n4 => n5, n8 => n6"
32,"n0 => n1, n5 => n3, n6 => n7, n17 => n18, n30 => n31, n33 => n34, n51 => n52, n61 => n62"
33,"n1 => n2, n3 => n4, n7 => n8"
34,"n2 => n0, n4 => n5, n8 => n6, n18 => n19, n31 => n32, n34 => n35, n52 => n53, n62 => n63"
35,"n0 => n1, n5 => n3, n6 => n7"
36,"n1 => n2, n3 => n4, n7 => n8, n19 => n20, n32 => n21, n35 => n36, n53 => n54, n63 => n64"
37,"n2 => n0, n4 => n5, n8 => n6"
38,"n0 => n1, n5 => n3, n6 => n7, n20 => n9, n21 => n22, n36 => n37, n54 => n55, n64 => n65"
39,"n1 => n2, n3 => n4, n7 => n8"
40,"n2 => n0, n4 => n5, n8 => n6, n9 => n10, n22 => n23, n37 => n38, n55 => n56, n65 => n66"
41,"n0 => n1, n5 => n3, n6 => n7"
42,"n1 => n2, n3 => n4, n7 => n8, n10 => n11, n23 => n24, n38 => n39, n56 => n45, n66 => n67"
43,"n2 => n0, n4 => n5, n8 => n6"
44,"n0 => n1, n5 => n3, n6 => n7, n11 => n12, n24 => n25, n39 => n40, n45 => n46, n67 => n68"
45,"n1 => n2, n3 => n4, n7 => n8"
46,"n2 => n0, n4 => n5, n8 => n6, n12 => n13, n25 => n26, n40 => n41, n46 => n47, n68 => n69"
47,"n0 => n1, n5 => n3, n6 => n7"
48,"n1 => n2, n3 => n4, n7 => n8, n13 => n14, n26 => n27, n41 => n42, n47 => n48, n69 => n70"
49,"n2 => n0, n4 => n5, n8 => n6"
50,"n0 => n1, n5 => n3, n6 => n7, n14 => n15, n27 => n28, n42 => n43, n48 => n49, n70 => n71"
51,"n1 => n2, n3 => n4, n7 => n8"
52,"n2 => n0, n4 => n5, n8 => n6, n15 => n16, n28 => n29, n43 => n44, n49 => n50, n71 => n72"
53,"n0 => n1, n5 => n3, n6 => n7"
54,"n1 => n2, n3 => n4, n7 => n8, n16 => n17, n29 => n30, n44 => n33, n50 => n51, n72 => n73"
55,"n2 => n0, n4 => n5, n8 => n6"
56,"n0 => n1, n5 => n3, n6 => n7, n17 => n18, n30 => n31, n33 => n34, n51 => n52, n73 => n74"
57,"n1 => n2, n3 => n4, n7 => n8"
58,"n2 => n0, n4 => n5, n8 => n6, n18 => n19, n31 => n32, n34 => n35, n52 => n53, n74 => n75"
59,"n0 => n1, n5 => n3, n6 => n7"
60,"n1 => n2, n3 => n4, n7 => n8, n19 => n20, n32 => n21, n35 => n36, n53 => n54, n75 => n76"
61,"n2 => n0, n4 => n5, n8 => n6"
62,"n0 => n1, n5 => n3, n6 => n7, n20 => n9, n21 => n22, n36 => n37, n54 => n55, n76 => n77"
63,"n1 => n2, n3 => n4, n7 => n8"
64,"n2 => n0, n4 => n5, n8 => n6, n9 => n10, n22 => n23, n37 => n38, n55 => n56, n77 => n78"
65,"n0 => n1, n5 => n3, n6 => n7"
66,"n1 => n2, n3 => n4, n7 => n8, n10 => n11, n23 => n24, n38 => n39, n56 => n45, n78 => n79"
67,"n2 => n0, n4 => n5, n8 => n6"
68,"n0 => n1, n5 => n3, n6 => n7, n11 => n12, n24 => n25, n39 => n40, n45 => n46, n79 => n80"
69,"n1 => n2, n3 => n4, n7 => n8"
70,"n2 => n0, n4 => n5, n8 => n6, n12 => n13, n25 => n26, n40 => n41, n46 => n47, n80 => n57"
71,"n0 => n1, n5 => n3, n6 => n7"
72,"n1 => n2, n3 => n4, n7 => n8, n13 => n14, n26 => n27, n41 => n42, n47 => n48, n57 => n58"
73,"n2 => n0, n4 => n5, n8 => n6"
74,"n0 => n1, n5 => n3, n6 => n7, n14 => n15, n27 => n28, n42 => n43, n48 => n49, n58 => n59"
75,"n1 => n2, n3 => n4, n7 => n8"
76,"n2 => n0, n4 => n5, n8 => n6, n15 => n16, n28 => n29, n43 => n44, n49 => n50, n59 => n60"
77,"n0 => n1, n5 => n3, n6 => n7"
78,"n1 => n2, n3 => n4, n7 => n8, n16 => n17, n29 => n30, n44 => n33, n50 => n51, n60 => n61"
79,"n2 => n0, n4 => n5, n8 => n6"
80,"n0 => n1, n5 => n3, n6 => n7, n17 => n18, n30 => n31, n33 => n34, n51 => n52, n61 => n62"
81,"n1 => n2, n3 => n4, n7 => n8"
82,"n2 => n0, n4 => n5, n8 => n6, n18 => n19, n31 => n32, n34 => n35, n52 => n53, n62 => n63"
83,"n0 => n1, n5 => n3, n6 => n7"
84,"n1 => n2, n3 => n4, n7 => n8, n19 => n20, n32 => n21, n35 => n36, n53 => n54, n63 => n64"
85,"n2 => n0, n4 => n5, n8 => n6"
86,"n0 => n1, n5 => n3, n6 => n7, n20 => n9, n21 => n22, n36 => n37, n54 => n55, n64 => n65"
87,"n1 => n2, n3 => n4, n7 => n8"
88,"n2 => n0, n4 => n5, n8 => n6, n9 => n10, n22 => n23, n37 => n38, n55 => n56, n65 => n66"
89,"n0 => n1, n5 => n3, n6 => n7"
90,"n1 => n2, n3 => n4, n7 => n8, n10 => n11, n23 => n24, n38 => n39, n56 => n45, n66 => n67"
91,"n2 => n0, n4 => n5, n8 => n6"
92,"n0 => n1, n5 => n3, n6 => n7, n11 => n12, n24 => n25, n39 => n40, n45 => n46, n67 => n68"
93,"n1 => n2, n3 => n4, n7 => n8"
94,"n2 => n0, n4 => n5, n8 => n6, n12 => n13, n25 => n26, n40 => n41, n46 => n47, n68 => n69"
95,"n0 => n1, n5 => n3, n6 => n7"
96,"n1 => n2, n3 => n4, n7 => n8, n13 => n14, n26 => n27, n41 => n42, n47 => n48, n69 => n70"
97,"n2 => n0, n4 => n5, n8 => n6"
98,"n0 => n1, n5 => n3, n6 => n7, n14 => n15, n27 => n28, n42 => n43, n48 => n49, n70 => n71"
99,"n1 => n2, n3 => n4, n7 => n8"
100,"n2 => n0, n4 => n5, n8 => n6, n15 => n16, n28 => n29, n43 => n44, n49 => n50, n71 => n72"
101,"n0 => n1, n5 => n3, n6 => n7"
102,"n1 => n2, n3 => n4, n7 => n8, n16 => n17, n29 => n30, n44 => n33, n50 => n51, n72 => n73"
103,"n2 => n0, n4 => n5, n8 => n6"
104,"n0 => n1, n5 => n3, n6 => n7, n17 => n18, n30 => n31, n33 => n34, n51 => n52, n73 => n74"
105,"n1 => n2, n3 => n4, n7 => n8"
106,"n2 => n0, n4 => n5, n8 => n6, n18 => n19, n31 => n32, n34 => n35, n52 => n53, n74 => n75"
107,"n0 => n1, n5 => n3, n6 => n7"
108,"n1 => n2, n3 => n4, n7 => n8, n19 => n20, n32 => n21, n35 => n36, n53 => n54, n75 => n76"
109,"n2 => n0, n4 => n5, n8 => n6"
110,"n0 => n1, n5 => n3, n6 => n7, n20 => n9, n21 => n22, n36 => n37, n54 => n55, n76 => n77"
111,"n1 => n2, n3 => n4, n7 => n8"
112,"n2 => n0, n4 => n5, n8 => n6, n9 => n10, n22 => n23, n37 => n38, n55 => n56, n77 => n78"
113,"n0 => n1, n5 => n3, n6 => n7"
114,"n1 => n2, n3 => n4, n7 => n8, n10 => n11, n23 => n24, n38 => n39, n56 => n45, n78 => n79"
115,"n2 => n0, n4 => n5, n8 => n6"
116,"n0 => n1, n5 => n3, n6 => n7, n11 => n12, n24 => n25, n39 => n40, n45 => n46, n79 => n80"
117,"n1 => n2, n3 => n4, n7 => n8"
118,"n2 => n0, n4 => n5, n8 => n6, n12 => n13, n25 => n26, n40 => n41, n46 => n47, n80 => n57"
119,"n0 => n1, n5 => n3, n6 => n7"
120,"n1 => n2, n3 => n4, n7 => n8, n13 => n14, n26 => n27, n41 => n42, n47 => n48, n57 => n58"
121,"n2 => n0, n4 => n5, n8 => n6"
122,"n0 => n1, n5 => n3, n6 => n7, n14 => n15, n27 => n28, n42 => n43, n48 => n49, n58 => n59"
123,"n1 => n2, n3 => n4, n7 => n8"
124,"n2 => n0, n4 => n5, n8 => n6, n15 => n16, n28 => n29, n43 => n44, n49 => n50, n59 => n60"
125,"n0 => n1, n5 => n3, n6 => n7"
126,"n1 => n2, n3 => n4, n7 => n8, n16 => n17, n29 => n30, n44 => n33, n50 => n51, n60 => n61"
127,"n2 => n0, n4 => n5, n8 => n6"
128,"n0 => n1, n5 => n3, n6 => n7, n17 => n18, n30 => n31, n33 => n34, n51 => n52, n61 => n62"
129,"n1 => n2, n3 => n4, n7 => n8"
130,"n2 => n0, n4 => n5, n8 => n6, n18 => n19, n31 => n32, n34 => n35, n52 => n53, n62 => n63"
131,"n0 => n1, n5 => n3, n6 => n7"
132,"n1 => n2, n3 => n4, n7 => n8, n19 => n20, n32 => n21, n35 => n36, n53 => n54, n63 => n64"
133,"n2 => n0, n4 => n5, n8 => n6"
134,"n0 => n1, n5 => n3, n6 => n7, n20 => n9, n21 => n22, n36 => n37, n54 => n55, n64 => n65"
135,"n1 => n2, n3 => n4, n7 => n8"
136,"n2 => n0, n4 => n5, n8 => n6, n9 => n10, n22 => n23, n37 => n38, n55 => n56, n65 => n66"
137,"n0 => n1, n5 => n3, n6 => n7"
138,"n1 => n2, n3 => n4, n7 => n8, n10 => n11, n23 => n24, n38 => n39, n56 => n45, n66 => n67"
139,"n2 => n0, n4 => n5, n8 => n6"
140,"n0 => n1, n5 => n3, n6 => n7, n11 => n12, n24 => n25, n39 => n40, n45 => n46, n67 => n68"
141,"n1 => n2, n3 => n4, n7 => n8"
142,"n2 => n0, n4 => n5, n8 => n6, n12 => n13, n25 => n26, n40 => n41, n46 => n47, n68 => n69"
143,"n0 => n1, n5 => n3, n6 => n7"
144,"n1 => n2, n3 => n4, n7 => n8, n13 => n14, n26 => n27, n41 => n42, n47 => n48, n69 => n70"
145,"n2 => n0, n4 => n5, n8 => n6"
146,"n0 => n1, n5 => n3, n6 => n7, n14 => n15, n27 => n28, n42 => n43, n48 => n49, n70 => n71"
147,"n1 => n2, n3 => n4, n7 => n8"
148,"n2 => n0, n4 => n5, n8 => n6, n15 => n16, n28 => n29, n43 => n44, n49 => n50, n71 => n72"
149,"n0 => n1, n5 => n3, n6 => n7"
150,"n1 => n2, n3 => n4, n7 => n8, n16 => n17, n29 => n30, n44 => n33, n50 => n51, n72 => n73"
151,"n2 => n0, n4 => n5, n8 => n6"
152,"n0 => n1, n5 => n3, n6 => n7, n17 => n18, n30 => n31, n33 => n34, n51 => n52, n73 => n74"
153,"n1 => n2, n3 => n4, n7 => n8"
154,"n2 => n0, n4 => n5, n8 => n6, n18 => n19, n31 => n32, n34 => n35, n52 => n53, n74 => n75"
155,"n0 => n1, n5 => n3, n6 => n7"
156,"n1 => n2, n3 => n4, n7 => n8, n19 => n20, n32 => n21, n35 => n36, n53 => n54, n75 => n76"
157,"n2 => n0, n4 => n5, n8 => n6"
158,"n0 => n1, n5 => n3, n6 => n7, n20 => n9, n21 => n22, n36 => n37, n54 => n55, n76 => n77"
159,"n1 => n2, n3 => n4, n7 => n8"
160,"n2 => n0, n4 => n5, n8 => n6, n9 => n10, n22 => n23, n37 => n38, n55 => n56, n77 => n78"
161,"n0 => n1, n5 => n3, n6 => n7"
162,"n1 => n2, n3 => n4, n7 => n8, n10 => n11, n23 => n24, n38 => n39, n56 => n45, n78 => n79"
163,"n2 => n0, n4 => n5, n8 => n6"
164,"n0 => n1, n5 => n3, n6 => n7, n11 => n12, n24 => n25, n39 => n40, n45 => n46, n79 => n80"
165,"n1 => n2, n3 => n4, n7 => n8"
166,"n2 => n0, n4 => n5, n8 => n6, n12 => n13, n25 => n26, n40 => n41, n46 => n47, n80 => n57"
167,"n0 => n1, n5 => n3, n6 => n7"
168,"n1 => n2, n3 => n4, n7 => n8, n13 => n14, n26 => n27, n41 => n42, n47 => n48, n57 => n58"
169,"n2 => n0, n4 => n5, n8 => n6"
170,"n0 => n1, n5 => n3, n6 => n7, n14 => n15, n27 => n28, n42 => n43, n48 => n49, n58 => n59"
171,"n1 => n2, n3 => n4, n7 => n8"
172,"n2 => n0, n4 => n5, n8 => n6, n15 => n16, n28 => n29, n43 => n44, n49 => n50, n59 => n60"
173,"n0 => n1, n5 => n3, n6 => n7"
174,"n1 => n2, n3 => n4, n7 => n8, n16 => n17, n29 => n30, n44 => n33, n50 => n51, n60 => n61"
175,"n2 => n0, n4 => n5, n8 => n6"
176,"n0 => n1, n5 => n3, n6 => n7, n17 => n18, n30 => n31, n33 => n34, n51 => n52, n61 => n62"
177,"n1 => n2, n3 => n4, n7 => n8"
178,"n2 => n0, n4 => n5, n8 => n6, n18 => n19, n31 => n32, n34 => n35, n52 => n53, n62 => n63"
179,"n0 => n1, n5 => n3, n6 => n7"
180,"n1 => n2, n3 => n4, n7 => n8, n19 => n20, n32 => n21, n35 => n36, n53 => n54, n63 => n64"
181,"n2 => n0, n4 => n5, n8 => n6"
182,"n0 => n1, n5 => n3, n6 => n7, n20 => n9, n21 => n22, n36 => n37, n54 => n55, n64 => n65"
183,"n1 => n2, n3 => n4, n7 => n8"
184,"n2 => n0, n4 => n5, n8 => n6, n9 => n10, n22 => n23, n37 => n38, n55 => n56, n65 => n66"
185,"n0 => n1, n5 => n3, n6 => n7"
186,"n1 => n2, n3 => n4, n7 => n8, n10 => n11, n23 => n24, n38 => n39, n56 => n45, n66 => n67"
187,"n2 => n0, n4 => n5, n8 => n6"
188,"n0 => n1, n5 => n3, n6 => n7, n11 => n12, n24 => n25, n39 => n40, n45 => n46, n67 => n68"
189,"n1 => n2, n3 => n4, n7 => n8"
190,"n2 => n0, n4 => n5, n8 => n6, n12 => n13, n25 => n26, n40 => n41, n46 => n47, n68 => n69"
191,"n0 => n1, n5 => n3, n6 => n7"
192,"n1 => n2, n3 => n4, n7 => n8, n13 => n14, n26 => n27, n41 => n42, n47 => n48, n69 => n70"
193,"n2 => n0, n4 => n5, n8 => n6"
194,"n0 => n1, n5 => n3, n6 => n7, n14 => n15, n27 => n28, n42 => n43, n48 => n49, n70 => n71"
195,"n1 => n2, n3 => n4, n7 => n8"
196,"n2 => n0, n4 => n5, n8 => n6, n15 => n16, n28 => n29, n43 => n44, n49 => n50, n71 => n72"
197,"n0 => n1, n5 => n3, n6 => n7"
198,"n1 => n2, n3 => n4, n7 => n8, n16 => n17, n29 => n30, n44 => n33, n50 => n51, n72 => n73"
199,"n2 => n0, n4 => n5, n8 => n6"
200,"n0 => n1, n5 => n3, n6 => n7, n17 => n18, n30 => n31, n33 => n34, n51 => n52, n73 => n74"
201,"n1 => n2, n3 => n4, n7 => n8"
202,"n2 => n0, n4 => n5, n8 => n6, n18 => n19, n31 => n32, n34 => n35, n52 => n53, n74 => n75"
203,"n0 => n1, n5 => n3, n6 => n7"
204,"n1 => n2, n3 => n4, n7 => n8, n19 => n20, n32 => n21, n35 => n36, n53 => n54, n75 => n76"
205,"n2 => n0, n4 => n5, n8 => n6"
206,"n0 => n1, n5 => n3, n6 => n7, n20 => n9, n21 => n22, n36 => n37, n54 => n55, n76 => n77"
207,"n1 => n2, n3 => n4, n7 => n8"
208,"n2 => n0, n4 => n5, n8 => n6, n9 => n10, n22 => n23, n37 => n38, n55 => n56, n77 => n78"
209,"n0 => n1, n5 => n3, n6 => n7"
210,"n1 => n2, n3 => n4, n7 => n8, n10 => n11, n23 => n24, n38 => n39, n56 => n45, n78 => n79"
211,"n2 => n0, n4 => n5, n8 => n6"
212,"n0 => n1, n5 => n3, n6 => n7, n11 => n12, n24 => n25, n39 => n40, n45 => n46, n79 => n80"
213,"n1 => n2, n3 => n4, n7 => n8"
214,"n2 => n0, n4 => n5, n8 => n6, n12 => n13, n25 => n26, n40 => n41, n46 => n47, n80 => n57"
215,"n0 => n1, n5 => n3, n6 => n7"
216,"n1 => n2, n3 => n4, n7 => n8, n13 => n14, n26 => n27, n41 => n42, n47 => n48, n57 => n58"
217,"n2 => n0, n4 => n5, n8 => n6"
218,"n0 => n1, n5 => n3, n6 => n7, n14 => n15, n27 => n28, n42 => n43, n48 => n49, n58 => n59"
219,"n1 => n2, n3 => n4, n7 => n8"
220,"n2 => n0, n4 => n5, n8 => n6, n15 => n16, n28 => n29, n43 => n44, n49 => n50, n59 => n60"
221,"n0 => n1, n5 => n3, n6 => n7"
222,"n1 => n2, n3 => n4, n7 => n8, n16 => n17, n29 => n30, n44 => n33, n50 => n51, n60 => n61"
223,"n2 => n0, n4 => n5, n8 => n6"
224,"n0 => n1, n5 => n3, n6 => n7, n17 => n18, n30 => n31, n33 => n34, n51 => n52, n61 => n62"
225,"n1 => n2, n3 => n4, n7 => n8"
226,"n2 => n0, n4 => n5, n8 => n6, n18 => n19, n31 => n32, n34 => n35, n52 => n53, n62 => n63"
227,"n0 => n1, n5 => n3, n6 => n7"
228,"n1 => n2, n3 => n4, n7 => n8, n19 => n20, n32 => n21, n35 => n36, n53 => n54, n63 => n64"
229,"n2 => n0, n4 => n5, n8 => n6"
230,"n0 => n1, n5 => n3, n6 => n7, n20 => n9, n21 => n22, n36 => n37, n54 => n55, n64 => n65"
231,"n1 => n2, n3 => n4, n7 => n8"
232,"n2 => n0, n4 => n5, n8 => n6, n9 => n10, n22 => n23, n37 => n38, n55 => n56, n65 => n66"
233,"n0 => n1, n5 => n3, n6 => n7"
234,"n1 => n2, n3 => n4, n7 => n8, n10 => n11, n23 => n24, n38 => n39, n56 => n45, n66 => n67"
235,"n2 => n0, n4 => n5, n8 => n6"
236,"n0 => n1, n5 => n3, n6 => n7, n11 => n12, n24 => n25, n39 => n40, n45 => n46, n67 => n68"
237,"n1 => n2, n3 => n4, n7 => n8"
238,"n2 => n0, n4 => n5, n8 => n6, n12 => n13, n25 => n26, n40 => n41, n46 => n47, n68 => n69"
239,"n0 => n1, n5 => n3, n6 => n7"
240,"n1 => n2, n3 => n4, n7 => n8, n13 => n14, n26 => n27, n41 => n42, n47 => n48, n69 => n70"
241,"n2 => n0, n4 => n5, n8 => n6"
242,"n0 => n1, n5 => n3, n6 => n7, n14 => n15, n27 => n28, n42 => n43, n48 => n49, n70 => n71"
243,"n1 => n2, n3 => n4, n7 => n8"
244,"n2 => n0, n4 => n5, n8 => n6, n15 => n16, n28 => n29, n43 => n44, n49 => n50, n71 => n72"
245,"n0 => n1, n5 => n3, n6 => n7"
246,"n1 => n2, n3 => n4, n7 => n8, n16 => n17, n29 => n30, n44 => n33, n50 => n51, n72 => n73"
247,"n2 => n0, n4 => n5, n8 => n6"
248,"n0 => n1, n5 => n3, n6 => n7, n17 => n18, n30 => n31, n33 => n34, n51 => n52, n73 => n74"
249,"n1 => n2, n3 => n4, n7 => n8"
250,"n2 => n0, n4 => n5, n8 => n6, n18 => n19, n31 => n32, n34 => n35, n52 => n53, n74 => n75"
251,"n0 => n1, n5 => n3, n6 => n7"
252,"n1 => n2, n3 => n4, n7 => n8, n19 => n20, n32 => n21, n35 => n36, n53 => n54, n75 => n76"
253,"n2 => n0, n4 => n5, n8 => n6"
254,"n0 => n1, n5 => n3, n6 => n7, n20 => n9, n21 => n22, n36 => n37, n54 => n55, n76 => n77"
255,"n1 => n2, n3 => n4, n7 => n8"
256,"n2 => n0, n4 => n5, n8 => n6, n9 => n10, n22 => n23, n37 => n38, n55 => n56, n77 => n78"
257,"n0 => n1, n5 => n3, n6 => n7"
258,"n1 => n2, n3 => n4, n7 => n8, n10 => n11, n23 => n24, n38 => n39, n56 => n45, n78 => n79"
259,"n2 => n0, n4 => n5, n8 => n6"
260,"n0 => n1, n5 => n3, n6 => n7, n11 => n12, n24 => n25, n39 => n40, n45 => n46, n79 => n80"
261,"n1 => n2, n3 => n4, n7 => n8"
262,"n2 => n0, n4 => n5, n8 => n6, n12 => n13, n25 => n26, n40 => n41, n46 => n47, n80 => n57"
263,"n0 => n1, n5 => n3, n6 => n7"
264,"n1 => n2, n3 => n4, n7 => n8, n13 => n14, n26 => n27, n41 => n42, n47 => n48, n57 => n58"
265,"n2 => n0, n4 => n5, n8 => n6"
266,"n0 => n1, n5 => n3, n6 => n7, n14 => n15, n27 => n28, n42 => n43, n48 => n49, n58 => n59"
267,"n1 => n2, n3 => n4, n7 => n8"
268,"n2 => n0, n4 => n5, n8 => n6, n15 => n16, n28 => n29, n43 => n44, n49 => n50, n59 => n60"
269,"n0 => n1, n5 => n3, n6 => n7"
270,"n1 => n2, n3 => n4, n7 => n8, n16 => n17, n29 => n30, n44 => n33, n50 => n51, n60 => n61"
271,"n2 => n0, n4 => n5, n8 => n6"
272,"n0 => n1, n5 => n3, n6 => n7, n17 => n18, n30 => n31, n33 => n34, n51 => n52, n61 => n62"
273,"n1 => n2, n3 => n4, n7 => n8"
274,"n2 => n0, n4 => n5, n8 => n6, n18 => n19, n31 => n32, n34 => n35, n52 => n53, n62 => n63"
275,"n0 => n1, n5 => n3, n6 => n7"
276,"n1 => n2, n3 => n4, n7 => n8, n19 => n20, n32 => n21, n35 => n36, n53 => n54, n63 => n64"
277,"n2 => n0, n4 => n5, n8 => n6"
278,"n0 => n1, n5 => n3, n6 => n7, n20 => n9, n21 => n22, n36 => n37, n54 => n55, n64 => n65"
279,"n1 => n2, n3 => n4, n7 => n8"
280,"n2 => n0, n4 => n5, n8 => n6, n9 => n10, n22 => n23, n37 => n38, n55 => n56, n65 => n66"
281,"n0 => n1, n5 => n3, n6 => n7"
282,"n1 => n2, n3 => n4, n7 => n8, n10 => n11, n23 => n24, n38 => n39, n56 => n45, n66 => n67"
283,"n2 => n0, n4 => n5, n8 => n6"
284,"n0 => n1, n5 => n3, n6 => n7, n11 => n12, n24 => n25, n39 => n40, n45 => n46, n67 => n68"
285,"n1 => n2, n3 => n4, n7 => n8"
286,"n2 => n0, n4 => n5, n8 => n6, n12 => n13, n25 => n26, n40 => n41, n46 => n47, n68 => n69"
287,"n0 => n1, n5 => n3, n6 => n7"
288,"n1 => n2, n3 => n4, n7 => n8, n13 => n14, n26 => n27, n41 => n42, n47 => n48, n69 => n70"
289,"n2 => n0, n4 => n5, n8 => n6"
290,"n0 => n1, n5 => n3, n6 => n7, n14 => n15, n27 => n28, n42 => n43, n48 => n49, n70 => n71"
291,"n1 => n2, n3 => n4, n7 => n8"
292,"n2 => n0, n4 => n5, n8 => n6, n15 => n16, n28 => n29, n43 => n44, n49 => n50, n71 => n72"
293,"n0 => n1, n5 => n3, n6 => n7"
294,"n1 => n2, n3 => n4, n7 => n8, n16 => n17, n29 => n30, n44 => n33, n50 => n51, n72 => n73"
295,"n2 => n0, n4 => n5, n8 => n6"
296,"n0 => n1, n5 => n3, n6 => n7, n17 => n18, n30 => n31, n33 => n34, n51 => n52, n73 => n74"
297,"n1 => n2, n3 => n4, n7 => n8"
298,"n2 => n0, n4 => n5, n8 => n6, n18 => n19, n31 => n32, n34 => n35, n52 => n53, n74 => n75"
299,"n0 => n1, n5 => n3, n6 => n7"
300,"n1 => n2, n3 => n4, n7 => n8, n19 => n20, n32 => n21, n35 => n36, n53 => n54, n75 => n76"
301,"n2 => n0, n4 => n5, n8 => n6"
302,"n0 => n1, n5 => n3, n6 => n7, n20 => n9, n21 => n22, n36 => n37, n54 => n55, n76 => n77"
303,"n1 => n2, n3 => n4, n7 => n8"
304,"n2 => n0, n4 => n5, n8 => n6, n9 => n10, n22 => n23, n37 => n38, n55 => n56, n77 => n78"
305,"n0 => n1, n5 => n3, n6 => n7"
306,"n1 => n2, n3 => n4, n7 => n8, n10 => n11, n23 => n24, n38 => n39, n56 => n45, n78 => n79"
307,"n2 => n0, n4 => n5, n8 => n6"
308,"n0 => n1, n5 => n3, n6 => n7, n11 => n12, n24 => n25, n39 => n40, n45 => n46, n79 => n80"
309,"n1 => n2, n3 => n4, n7 => n8"
310,"n2 => n0, n4 => n5, n8 => n6, n12 => n13, n25 => n26, n40 => n41, n46 => n47, n80 => n57"
311,"n0 => n1, n5 => n3, n6 => n7"
312,"n1 => n2, n3 => n4, n7 => n8, n13 => n14, n26 => n27, n41 => n42, n47 => n48, n57 => n58"
313,"n2 => n0, n4 => n5, n8 => n6"
314,"n0 => n1, n5 => n3, n6 => n7, n14 => n15, n27 => n28, n42 => n43, n48 => n49, n58 => n59"
315,"n1 => n2, n3 => n4, n7 => n8"
316,"n2 => n0, n4 => n5, n8 => n6, n15 => n16, n28 => n29, n43 => n44, n49 => n50, n59 => n60"
317,"n0 => n1, n5 => n3, n6 => n7"
318,"n1 => n2, n3 => n4, n7 => n8, n16 => n17, n29 => n30, n44 => n33, n50 => n51, n60 => n61"
319,"n2 => n0, n4 => n5, n8 => n6"
320,"n0 => n1, n5 => n3, n6 => n7, n17 => n18, n30 => n31, n33 => n34, n51 => n52, n61 => n62"
321,"n1 => n2, n3 => n4, n7 => n8"
322,"n2 => n0, n4 => n5, n8 => n6, n18 => n19, n31 => n32, n34 => n35, n52 => n53, n62 => n63"
323,"n0 => n1, n5 => n3, n6 => n7"
324,"n1 => n2, n3 => n4, n7 => n8, n19 => n20, n32 => n21, n35 => n36, n53 => n54, n63 => n64"
325,"n2 => n0, n4 => n5, n8 => n6"
326,"n0 => n1, n5 => n3, n6 => n7, n20 => n9, n21 => n22, n36 => n37, n54 => n55, n64 => n65"
327,"n1 => n2, n3 => n4, n7 => n8"
328,"n2 => n0, n4 => n5, n8 => n6, n9 => n10, n22 => n23, n37 => n38, n55 => n56, n65 => n66"
329,"n0 => n1, n5 => n3, n6 => n7"
330,"n1 => n2, n3 => n4, n7 => n8, n10 => n11, n23 => n24, n38 => n39, n56 => n45, n66 => n67"
331,"n2 => n0, n4 => n5, n8 => n6"
332,"n0 => n1, n5 => n3, n6 => n7, n11 => n12, n24 => n25, n39 => n40, n45 => n46, n67 => n68"
333,"n1 => n2, n3 => n4, n7 => n8"
334,"n2 => n0, n4 => n5, n8 => n6, n12 => n13, n25 => n26, n40 => n41, n46 => n47, n68 => n69"
335,"n0 => n1, n5 => n3, n6 => n7"
336,"n1 => n2, n3 => n4, n7 => n8, n13 => n14, n26 => n27, n41 => n42, n47 => n48, n69 => n70"
337,"n2 => n0, n4 => n5, n8 => n6"
338,"n0 => n1, n5 => n3, n6 => n7, n14 => n15, n27 => n28, n42 => n43, n48 => n49, n70 => n71"
339,"n1 => n2, n3 => n4, n7 => n8"
340,"n2 => n0, n4 => n5, n8 => n6, n15 => n16, n28 => n29, n43 => n44, n49 => n50, n71 => n72"
341,"n0 => n1, n5 => n3, n6 => n7"
342,"n1 => n2, n3 => n4, n7 => n8, n16 => n17, n29 => n30, n44 => n33, n50 => n51, n72 => n73"
343,"n2 => n0, n4 => n5, n8 => n6"
344,"n0 => n1, n5 => n3, n6 => n7, n17 => n18, n30 => n31, n33 => n34, n51 => n52, n73 => n74"
345,"n1 => n2, n3 => n4, n7 => n8"
346,"n2 => n0, n4 => n5, n8 => n6, n18 => n19, n31 => n32, n34 => n35, n52 => n53, n74 => n75"
347,"n0 => n1, n5 => n3, n6 => n7"
348,"n1 => n2, n3 => n4, n7 => n8, n19 => n20, n32 => n21, n35 => n36, n53 => n54, n75 => n76"
349,"n2 => n0, n4 => n5, n8 => n6"
350,"n0 => n1, n5 => n3, n6 => n7, n20 => n9, n21 => n22, n36 => n37, n54 => n55, n76 => n77"
351,"n1 => n2, n3 => n4, n7 => n8"
352,"n2 => n0, n4 => n5, n8 => n6, n9 => n10, n22 => n23, n37 => n38, n55 => n56, n77 => n78"
353,"n0 => n1, n5 => n3, n6 => n7"
354,"n1 => n2, n3 => n4, n7 => n8, n10 => n11, n23 => n24, n38 => n39, n56 => n45, n78 => n79"
355,"n2 => n0, n4 => n5, n8 => n6"
356,"n0 => n1, n5 => n3, n6 => n7, n11 => n12, n24 => n25, n39 => n40, n45 => n46, n79 => n80"
357,"n1 => n2, n3 => n4, n7 => n8"
358,"n2 => n0, n4 => n5, n8 => n6, n12 => n13, n25 => n26, n40 => n41, n46 => n47, n80 => n57"
359,"n0 => n1, n5 => n3, n6 => n7"
360,"n1 => n2, n3 => n4, n7 => n8, n13 => n14, n26 => n27, n41 => n42, n47 => n48, n57 => n58"
361,"n2 => n0, n4 => n5, n8 => n6"
362,"n0 => n1, n5 => n3, n6 => n7, n14 => n15, n27 => n28, n42 => n43, n48 => n49, n58 => n59"
363,"n1 => n2, n3 => n4, n7 => n8"
364,"n2 => n0, n4 => n5, n8 => n6, n15 => n16, n28 => n29, n43 => n44, n49 => n50, n59 => n60"
365,"n0 => n1, n5 => n3, n6 => n7"
366,"n1 => n2, n3 => n4, n7 => n8, n16 => n17, n29 => n30, n44 => n33, n50 => n51, n60 => n61"
367,"n2 => n0, n4 => n5, n8 => n6"
368,"n0 => n1, n5 => n3, n6 => n7, n17 => n18, n30 => n31, n33 => n34, n51 => n52, n61 => n62"
369,"n1 => n2, n3 => n4, n7 => n8"
370,"n2 => n0, n4 => n5, n8 => n6, n18 => n19, n31 => n32, n34 => n35, n52 => n53, n62 => n63"
371,"n0 => n1, n5 => n3, n6 => n7"
372,"n1 => n2, n3 => n4, n7 => n8, n19 => n20, n32 => n21, n35 => n36, n53 => n54, n63 => n64"
373,"n2 => n0, n4 => n5, n8 => n6"
374,"n0 => n1, n5 => n3, n6 => n7, n20 => n9, n21 => n22, n36 => n37, n54 => n55, n64 => n65"
375,"n1 => n2, n3 => n4, n7 => n8"
376,"n2 => n0, n4 => n5, n8 => n6, n9 => n10, n22 => n23, n37 => n38, n55 => n56, n65 => n66"
377,"n0 => n1, n5 => n3, n6 => n7"
378,"n1 => n2, n3 => n4, n7 => n8, n10 => n11, n23 => n24, n38 => n39, n56 => n45, n66 => n67"
379,"n2 => n0, n4 => n5, n8 => n6"
380,"n0 => n1, n5 => n3, n6 => n7, n11 => n12, n24 => n25, n39 => n40, n45 => n46, n67 => n68"
381,"n1 => n2, n3 => n4, n7 => n8"
382,"n2 => n0, n4 => n5, n8 => n6, n12 => n13, n25 => n26, n40 => n41, n46 => n47, n68 => n69"
383,"n0 => n1, n5 => n3, n6 => n7"
384,"n1 => n2, n3 => n4, n7 => n8, n13 => n14, n26 => n27, n41 => n42, n47 => n48, n69 => n70"
385,"n2 => n0, n4 => n5, n8 => n6"
386,"n0 => n1, n5 => n3, n6 => n7, n14 => n15, n27 => n28, n42 => n43, n48 => n49, n70 => n71"
387,"n1 => n2, n3 => n4, n7 => n8"
388,"n2 => n0, n4 => n5, n8 => n6, n15 => n16, n28 => n29, n43 => n44, n49 => n50, n71 => n72"
389,"n0 => n1, n5 => n3, n6 => n7"
390,"n1 => n2, n3 => n4, n7 => n8, n16 => n17, n29 => n30, n44 => n33, n50 => n51, n72 => n73"
391,"n2 => n0, n4 => n5, n8 => n6"
392,"n0 => n1, n5 => n3, n6 => n7, n17 => n18, n30 => n31, n33 => n34, n51 => n52, n73 => n74"
393,"n1 => n2, n3 => n4, n7 => n8"
394,"n2 => n0, n4 => n5, n8 => n6, n18 => n19, n31 => n32, n34 => n35, n52 => n53, n74 => n75"
395,"n0 => n1, n5 => n3, n6 => n7"
396,"n1 => n2, n3 => n4, n7 => n8, n19 => n20, n32 => n21, n35 => n36, n53 => n54, n75 => n76"
397,"n2 => n0, n4 => n5, n8 => n6"
398,"n0 => n1, n5 => n3, n6 => n7, n20 => n9, n21 => n22, n36 => n37, n54 => n55, n76 => n77"
399,"n1 => n2, n3 => n4, n7 => n8"
400,"n2 => n0, n4 => n5, n8 => n6, n9 => n10, n22 => n23, n37 => n38, n55 => n56, n77 => n78"
401,"n0 => n1, n5 => n3, n6 => n7"
402,"n1 => n2, n3 => n4, n7 => n8, n10 => n11, n23 => n24, n38 => n39, n56 => n45, n78 => n79"
403,"n2 => n0, n4 => n5, n8 => n6"
404,"n0 => n1, n5 => n3, n6 => n7, n11 => n12, n24 => n25, n39 => n40, n45 => n46, n79 => n80"
405,"n1 => n2, n3 => n4, n7 => n8"
406,"n2 => n0, n4 => n5, n8 => n6, n12 => n13, n25 => n26, n40 => n41, n46 => n47, n80 => n57"
407,"n0 => n1, n5 => n3, n6 => n7"
408,"n1 => n2, n3 => n4, n7 => n8, n13 => n14, n26 => n27, n41 => n42, n47 => n48, n57 => n58"
409,"n2 => n0, n4 => n5, n8 => n6"
410,"n0 => n1, n5 => n3, n6 => n7, n14 => n15, n27 => n28, n42 => n43, n48 => n49, n58 => n59"
411,"n1 => n2, n3 => n4, n7 => n8"
412,"n2 => n0, n4 => n5, n8 => n6, n15 => n16, n28 => n29, n43 => n44, n49 => n50, n59 => n60"
413,"n0 => n1, n5 => n3, n6 => n7"
414,"n1 => n2, n3 => n4, n7 => n8, n16 => n17, n29 => n30, n44 => n33, n50 => n51, n60 => n61"
415,"n2 => n0, n4 => n5, n8 => n6"
416,"n0 => n1, n5 => n3, n6 => n7, n17 => n18, n30 => n31, n33 => n34, n51 => n52, n61 => n62"
417,"n1 => n2, n3 => n4, n7 => n8"
418,"n2 => n0, n4 => n5, n8 => n6, n18 => n19, n31 => n32, n34 => n35, n52 => n53, n62 => n63"
419,"n0 => n1, n5 => n3, n6 => n7"
420,"n1 => n2, n3 => n4, n7 => n8, n19 => n20, n32 => n21, n35 => n36, n53 => n54, n63 => n64"
421,"n2 => n0, n4 => n5, n8 => n6"
422,"n0 => n1, n5 => n3, n6 => n7, n20 => n9, n21 => n22, n36 => n37, n54 => n55, n64 => n65"
423,"n1 => n2, n3 => n4, n7 => n8"
424,"n2 => n0, n4 => n5, n8 => n6, n9 => n10, n22 => n23, n37 => n38, n55 => n56, n65 => n66"
425,"n0 => n1, n5 => n3, n6 => n7"
426,"n1 => n2, n3 => n4, n7 => n8, n10 => n11, n23 => n24, n38 => n39, n56 => n45, n66 => n67"
427,"n2 => n0, n4 => n5, n8 => n6"
428,"n0 => n1, n5 => n3, n6 => n7, n11 => n12, n24 => n25, n39 => n40, n45 => n46, n67 => n68"
429,"n1 => n2, n3 => n4, n7 => n8"
430,"n2 => n0, n4 => n5, n8 => n6, n12 => n13, n25 => n26, n40 => n41, n46 => n47, n68 => n69"
431,"n0 => n1, n5 => n3, n6 => n7"
432,"n1 => n2, n3 => n4, n7 => n8, n13 => n14, n26 => n27, n41 => n42, n47 => n48, n69 => n70"
433,"n2 => n0, n4 => n5, n8 => n6"
434,"n0 => n1, n5 => n3, n6 => n7, n14 => n15, n27 => n28, n42 => n43, n48 => n49, n70 => n71"
435,"n1 => n2, n3 => n4, n7 => n8"
436,"n2 => n0, n4 => n5, n8 => n6, n15 => n16, n28 => n29, n43 => n44, n49 => n50, n71 => n72"
437,"n0 => n1, n5 => n3, n6 => n7"
438,"n1 => n2, n3 => n4, n7 => n8, n16 => n17, n29 => n30, n44 => n33, n50 => n51, n72 => n73"
439,"n2 => n0, n4 => n5, n8 => n6"
440,"n0 => n1, n5 => n3, n6 => n7, n17 => n18, n30 => n31, n33 => n34, n51 => n52, n73 => n74"
441,"n1 => n2, n3 => n4, n7 => n8"
442,"n2 => n0, n4 => n5, n8 => n6, n18 => n19, n31 => n32, n34 => n35, n52 => n53, n74 => n75"
443,"n0 => n1, n5 => n3, n6 => n7"
444,"n1 => n2, n3 => n4, n7 => n8, n19 => n20, n32 => n21, n35 => n36, n53 => n54, n75 => n76"
445,"n2 => n0, n4 => n5, n8 => n6"
446,"n0 => n1, n5 => n3, n6 => n7, n20 => n9, n21 => n22, n36 => n37, n54 => n55, n76 => n77"
447,"n1 => n2, n3 => n4, n7 => n8"
448,"n2 => n0, n4 => n5, n8 => n6, n9 => n10, n22 => n23, n37 => n38, n55 => n56, n77 => n78"
449,"n0 => n1, n5 => n3, n6 => n7"
450,"n1 => n2, n3 => n4, n7 => n8, n10 => n11, n23 => n24, n38 => n39, n56 => n45, n78 => n79"
451,"n2 => n0, n4 => n5, n8 => n6"
452,"n0 => n1, n5 => n3, n6 => n7, n11 => n12, n24 => n25, n39 => n40, n45 => n46, n79 => n80"
453,"n1 => n2, n3 => n4, n7 => n8"
454,"n2 => n0, n4 => n5, n8 => n6, n12 => n13, n25 => n26, n40 => n41, n46 => n47, n80 => n57"
455,"n0 => n1, n5 => n3, n6 => n7"
456,"n1 => n2, n3 => n4, n7 => n8, n13 => n14, n26 => n27, n41 => n42, n47 => n48, n57 => n58"
457,"n2 => n0, n4 => n5, n8 => n6"
458,"n0 => n1, n5 => n3, n6 => n7, n14 => n15, n27 => n28, n42 => n43, n48 => n49, n58 => n59"
459,"n1 => n2, n3 => n4, n7 => n8"
460,"n2 => n0, n4 => n5, n8 => n6, n15 => n16, n28 => n29, n43 => n44, n49 => n50, n59 => n60"
461,"n0 => n1, n5 => n3, n6 => n7"
462,"n1 => n2, n3 => n4, n7 => n8, n16 => n17, n29 => n30, n44 => n33, n50 => n51, n60 => n61"
463,"n2 => n0, n4 => n5, n8 => n6"
464,"n0 => n1, n5 => n3, n6 => n7, n17 => n18, n30 => n31, n33 => n34, n51 => n52, n61 => n62"
465,"n1 => n2, n3 => n4, n7 => n8"
466,"n2 => n0, n4 => n5, n8 => n6, n18 => n19, n31 => n32, n34 => n35, n52 => n53, n62 => n63"
467,"n0 => n1, n5 => n3, n6 => n7"
468,"n1 => n2, n3 => n4, n7 => n8, n19 => n20, n32 => n21, n35 => n36, n53 => n54, n63 => n64"
469,"n2 => n0, n4 => n5, n8 => n6"
470,"n0 => n1, n5 => n3, n6 => n7, n20 => n9, n21 => n22, n36 => n37, n54 => n55, n64 => n65"
471,"n1 => n2, n3 => n4, n7 => n8"
472,"n2 => n0, n4 => n5, n8 => n6, n9 => n10, n22 => n23, n37 => n38, n55 => n56, n65 => n66"
473,"n0 => n1, n5 => n3, n6 => n7"
474,"n1 => n2, n3 => n4, n7 => n8, n10 => n11, n23 => n24, n38 => n39, n56 => n45, n66 => n67"
475,"n2 => n0, n4 => n5, n8 => n6"
476,"n0 => n1, n5 => n3, n6 => n7, n11 => n12, n24 => n25, n39 => n40, n45 => n46, n67 => n68"
477,"n1 => n2, n3 => n4, n7 => n8"
478,"n2 => n0, n4 => n5, n8 => n6, n12 => n13, n25 => n26, n40 => n41, n46 => n47, n68 => n69"
479,"n0 => n1, n5 => n3, n6 => n7"
480,"n1 => n2, n3 => n4, n7 => n8, n13 => n14, n26 => n27, n41 => n42, n47 => n48, n69 => n70"
481,"n2 => n0, n4 => n5, n8 => n6"
482,"n0 => n1, n5 => n3, n6 => n7, n14 => n15, n27 => n28, n42 => n43, n48 => n49, n70 => n71"
483,"n1 => n2, n3 => n4, n7 => n8"
484,"n2 => n0, n4 => n5, n8 => n6, n15 => n16, n28 => n29, n43 => n44, n49 => n50, n71 => n72"
485,"n0 => n1, n5 => n3, n6 => n7"
486,"n1 => n2, n3 => n4, n7 => n8, n16 => n17, n29 => n30, n44 => n33, n50 => n51, n72 => n73"
487,"n2 => n0, n4 => n5, n8 => n6"
488,"n0 => n1, n5 => n3, n6 => n7, n17 => n18, n30 => n31, n33 => n34, n51 => n52, n73 => n74"
489,"n1 => n2, n3 => n4, n7 => n8"
490,"n2 => n0, n4 => n5, n8 => n6, n18 => n19, n31 => n32, n34 => n35, n52 => n53, n74 => n75"
491,"n0 => n1, n5 => n3, n6 => n7"
492,"n1 => n2, n3 => n4, n7 => n8, n19 => n20, n32 => n21, n35 => n36, n53 => n54, n75 => n76"
493,"n2 => n0, n4 => n5, n8 => n6"
494,"n0 => n1, n5 => n3, n6 => n7, n20 => n9, n21 => n22, n36 => n37, n54 => n55, n76 => n77"
495,"n1 => n2, n3 => n4, n7 => n8"
496,"n2 => n0, n4 => n5, n8 => n6, n9 => n10, n22 => n23, n37 => n38, n55 => n56, n77 => n78"
497,"n0 => n1, n5 => n3, n6 => n7"
498,"n1 => n2, n3 => n4, n7 => n8, n10 => n11, n23 => n24, n38 => n39, n56 => n45, n78 => n79"
499,"n2 => n0, n4 => n5, n8 => n6"
500,"n0 => n1, n5 => n3, n6 => n7, n11 => n12, n24 => n25, n39 => n40, n45 => n46, n79 => n80"
501,"n1 => n2, n3 => n4, n7 => n8"
502,"n2 => n0, n4 => n5, n8 => n6, n12 => n13, n25 => n26, n40 => n41, n46 => n47, n80 => n57"
503,"n0 => n1, n5 => n3, n6 => n7"
504,"n1 => n2, n3 => n4, n7 => n8, n13 => n14, n26 => n27, n41 => n42, n47 => n48, n57 => n58"
505,"n2 => n0, n4 => n5, n8 => n6"
506,"n0 => n1, n5 => n3, n6 => n7, n14 => n15, n27 => n28, n42 => n43, n48 => n49, n58 => n59"
507,"n1 => n2, n3 => n4, n7 => n8"
508,"n2 => n0, n4 => n5, n8 => n6, n15 => n16, n28 => n29, n43 => n44, n49 => n50, n59 => n60"
509,"n0 => n1, n5 => n3, n6 => n7"
510,"n1 => n2, n3 => n4, n7 => n8, n16 => n17, n29 => n30, n44 => n33, n50 => n51, n60 => n61"
511,"n2 => n0, n4 => n5, n8 => n6"
512,"n0 => n1, n5 => n3, n6 => n7, n17 => n18, n30 => n31, n33 => n34, n51 => n52, n61 => n62"
513,"n1 => n2, n3 => n4, n7 => n8"
514,"n2 => n0, n4 => n5, n8 => n6, n18 => n19, n31 => n32, n34 => n35, n52 => n53, n62 => n63"
515,"n0 => n1, n5 => n3, n6 => n7"
516,"n1 => n2, n3 => n4, n7 => n8, n19 => n20, n32 => n21, n35 => n36, n53 => n54, n63 => n64"
517,"n2 => n0, n4 => n5, n8 => n6"
518,"n0 => n1, n5 => n3, n6 => n7, n20 => n9, n21 => n22, n36 => n37, n54 => n55, n64 => n65"
519,"n1 => n2, n3 => n4, n7 => n8"
520,"n2 => n0, n4 => n5, n8 => n6, n9 => n10, n22 => n23, n37 => n38, n55 => n56, n65 => n66"
521,"n0 => n1, n5 => n3, n6 => n7"
522,"n1 => n2, n3 => n4, n7 => n8, n10 => n11, n23 => n24, n38 => n39, n56 => n45, n66 => n67"
523,"n2 => n0, n4 => n5, n8 => n6"
524,"n0 => n1, n5 => n3, n6 => n7, n11 => n12, n24 => n25, n39 => n40, n45 => n46, n67 => n68"
525,"n1 => n2, n3 => n4, n7 => n8"
526,"n2 => n0, n4 => n5, n8 => n6, n12 => n13, n25 => n26, n40 => n41, n46 => n47, n68 => n69"
527,"n0 => n1, n5 => n3, n6 => n7"
528,"n1 => n2, n3 => n4, n7 => n8, n13 => n14, n26 => n27, n41 => n42, n47 => n48, n69 => n70"
529,"n2 => n0, n4 => n5, n8 => n6"
530,"n0 => n1, n5 => n3, n6 => n7, n14 => n15, n27 => n28, n42 => n43, n48 => n49, n70 => n71"
531,"n1 => n2, n3 => n4, n7 => n8"
532,"n2 => n0, n4 => n5, n8 => n6, n15 => n16, n28 => n29, n43 => n44, n49 => n50, n71 => n72"
533,"n0 => n1, n5 => n3, n6 => n7"
534,"n1 => n2, n3 => n4, n7 => n8, n16 => n17, n29 => n30, n44 => n33, n50 => n51, n72 => n73"
535,"n2 => n0, n4 => n5, n8 => n6"
536,"n0 => n1, n5 => n3, n6 => n7, n17 => n18, n30 => n31, n33 => n34, n51 => n52, n73 => n74"
537,"n1 => n2, n3 => n4, n7 => n8"
538,"n2 => n0, n4 => n5, n8 => n6, n18 => n19, n31 => n32, n34 => n35, n52 => n53, n74 => n75"
539,"n0 => n1, n5 => n3, n6 => n7"
540,"n1 => n2, n3 => n4, n7 => n8, n19 => n20, n32 => n21, n35 => n36, n53 => n54, n75 => n76"
541,"n2 => n0, n4 => n5, n8 => n6"
542,"n0 => n1, n5 => n3, n6 => n7, n20 => n9, n21 => n22, n36 => n37, n54 => n55, n76 => n77"
543,"n1 => n2, n3 => n4, n7 => n8"
544,"n2 => n0, n4 => n5, n8 => n6, n9 => n10, n22 => n23, n37 => n38, n55 => n56, n77 => n78"
545,"n0 => n1, n5 => n3, n6 => n7"
546,"n1 => n2, n3 => n4, n7 => n8, n10 => n11, n23 => n24, n38 => n39, n56 => n45, n78 => n79"
547,"n2 => n0, n4 => n5, n8 => n6"
548,"n0 => n1, n5 => n3, n6 => n7, n11 => n12, n24 => n25, n39 => n40, n45 => n46, n79 => n80"
549,"n1 => n2, n3 => n4, n7 => n8"
550,"n2 => n0, n4 => n5, n8 => n6, n12 => n13, n25 => n26, n40 => n41, n46 => n47, n80 => n57"
551,"n0 => n1, n5 => n3, n6 => n7"
552,"n1 => n2, n3 => n4, n7 => n8, n13 => n14, n26 => n27, n41 => n42, n47 => n48, n57 => n58"
553,"n2 => n0, n4 => n5, n8 => n6"
554,"n0 => n1, n5 => n3, n6 => n7, n14 => n15, n27 => n28, n42 => n43, n48 => n49, n58 => n59"
555,"n1 => n2, n3 => n4, n7 => n8"
556,"n2 => n0, n4 => n5, n8 => n6, n15 => n16, n28 => n29, n43 => n44, n49 => n50, n59 => n60"
557,"n0 => n1, n5 => n3, n6 => n7"
558,"n1 => n2, n3 => n4, n7 => n8, n16 => n17, n29 => n30, n44 => n33, n50 => n51, n60 => n61"
559,"n2 => n0, n4 => n5, n8 => n6"
560,"n0 => n1, n5 => n3, n6 => n7, n17 => n18, n30 => n31, n33 => n34, n51 => n52, n61 => n62"
561,"n1 => n2, n3 => n4, n7 => n8"
562,"n2 => n0, n4 => n5, n8 => n6, n18 => n19, n31 => n32, n34 => n35, n52 => n53, n62 => n63"
563,"n0 => n1, n5 => n3, n6 => n7"
564,"n1 => n2, n3 => n4, n7 => n8, n19 => n20, n32 => n21, n35 => n36, n53 => n54, n63 => n64"
565,"n2 => n0, n4 => n5, n8 => n6"
566,"n0 => n1, n5 => n3, n6 => n7, n20 => n9, n21 => n22, n36 => n37, n54 => n55, n64 => n65"
567,"n1 => n2, n3 => n4, n7 => n8"
568,"n2 => n0, n4 => n5, n8 => n6, n9 => n10, n22 => n23, n37 => n38, n55 => n56, n65 => n66"
569,"n0 => n1, n5 => n3, n6 => n7"
570,"n1 => n2, n3 => n4, n7 => n8, n10 => n11, n23 => n24, n38 => n39, n56 => n45, n66 => n67"
571,"n2 => n0, n4 => n5, n8 => n6"
572,"n0 => n1, n5 => n3, n6 => n7, n11 => n12, n24 => n25, n39 => n40, n45 => n46, n67 => n68"
573,"n1 => n2, n3 => n4, n7 => n8"
574,"n2 => n0, n4 => n5, n8 => n6, n12 => n13, n25 => n26, n40 => n41, n46 => n47, n68 => n69"
575,"n0 => n1, n5 => n3, n6 => n7"
576,"n1 => n2, n3 => n4, n7 => n8, n13 => n14, n26 => n27, n41 => n42, n47 => n48, n69 => n70"
577,"n2 => n0, n4 => n5, n8 => n6"
578,"n0 => n1, n5 => n3, n6 => n7, n14 => n15, n27 => n28, n42 => n43, n48 => n49, n70 => n71"
579,"n1 => n2, n3 => n4, n7 => n8"
580,"n2 => n0, n4 => n5, n8 => n6, n15 => n16, n28 => n29, n43 => n44, n49 => n50, n71 => n72"
581,"n0 => n1, n5 => n3, n6 => n7"
582,"n1 => n2, n3 => n4, n7 => n8, n16 => n17, n29 => n30, n44 => n33, n50 => n51, n72 => n73"
583,"n2 => n0, n4 => n5, n8 => n6"
584,"n0 => n1, n5 => n3, n6 => n7, n17 => n18, n30 => n31, n33 => n34, n51 => n52, n73 => n74"
585,"n1 => n2, n3 => n4, n7 => n8"
586,"n2 => n0, n4 => n5, n8 => n6, n18 => n19, n31 => n32, n34 => n35, n52 => n53, n74 => n75"
587,"n0 => n1, n5 => n3, n6 => n7"
588,"n1 => n2, n3 => n4, n7 => n8, n19 => n20, n32 => n21, n35 => n36, n53 => n54, n75 => n76"
589,"n2 => n0, n4 => n5, n8 => n6"
590,"n0 => n1, n5 => n3, n6 => n7, n20 => n9, n21 => n22, n36 => n37, n54 => n55, n76 => n77"
591,"n1 => n2, n3 => n4, n7 => n8"
592,"n2 => n0, n4 => n5, n8 => n6, n9 => n10, n22 => n23, n37 => n38, n55 => n56, n77 => n78"
593,"n0 => n1, n5 => n3, n6 => n7"
594,"n1 => n2, n3 => n4, n7 => n8, n10 => n11, n23 => n24, n38 => n39, n56 => n45, n78 => n79"
595,"n2 => n0, n4 => n5, n8 => n6"
596,"n0 => n1, n5 => n3, n6 => n7, n11 => n12, n24 => n25, n39 => n40, n45 => n46, n79 => n80"
597,"n1 => n2, n3 => n4, n7 => n8"
598,"n2 => n0, n4 => n5, n8 => n6, n12 => n13, n25 => n26, n40 => n41, n46 => n47, n80 => n57"
599,"n0 => n1, n5 => n3, n6 => n7"
600,"n1 => n2, n3 => n4, n7 => n8, n13 => n14, n26 => n27, n41 => n42, n47 => n48, n57 => n58"
601,"n2 => n0, n4 => n5, n8 => n6"
602,"n0 => n1, n5 => n3, n6 => n7, n14 => n15, n27 => n28, n42 => n43, n48 => n49, n58 => n59"
603,"n1 => n2, n3 => n4, n7 => n8"
604,"n2 => n0, n4 => n5, n8 => n6, n15 => n16, n28 => n29, n43 => n44, n49 => n50, n59 => n60"
605,"n0 => n1, n5 => n3, n6 => n7"
606,"n1 => n2, n3 => n4, n7 => n8, n16 => n17, n29 => n30, n44 => n33, n50 => n51, n60 => n61"
607,"n2 => n0, n4 => n5, n8 => n6"
608,"n0 => n1, n5 => n3, n6 => n7, n17 => n18, n30 => n31, n33 => n34, n51 => n52, n61 => n62"
609,"n1 => n2, n3 => n4, n7 => n8"
610,"n2 => n0, n4 => n5, n8 => n6, n18 => n19, n31 => n32, n34 => n35, n52 => n53, n62 => n63"
611,"n0 => n1, n5 => n3, n6 => n7"
612,"n1 => n2, n3 => n4, n7 => n8, n19 => n20, n32 => n21, n35 => n36, n53 => n54, n63 => n64"
613,"n2 => n0, n4 => n5, n8 => n6"
614,"n0 => n1, n5 => n3, n6 => n7, n20 => n9, n21 => n22, n36 => n37, n54 => n55, n64 => n65"
615,"n1 => n2, n3 => n4, n7 => n8"
616,"n2 => n0, n4 => n5, n8 => n6, n9 => n10, n22 => n23, n37 => n38, n55 => n56, n65 => n66"
617,"n0 => n1, n5 => n3, n6 => n7"
618,"n1 => n2, n3 => n4, n7 => n8, n10 => n11, n23 => n24, n38 => n39, n56 => n45, n66 => n67"
619,"n2 => n0, n4 => n5, n8 => n6"
620,"n0 => n1, n5 => n3, n6 => n7, n11 => n12, n24 => n25, n39 => n40, n45 => n46, n67 => n68"
621,"n1 => n2, n3 => n4, n7 => n8"
622,"n2 => n0, n4 => n5, n8 => n6, n12 => n13, n25 => n26, n40 => n41, n46 => n47, n68 => n69"
623,"n0 => n1, n5 => n3, n6 => n7"
624,"n1 => n2, n3 => n4, n7 => n8, n13 => n14, n26 => n27, n41 => n42, n47 => n48, n69 => n70"
625,"n2 => n0, n4 => n5, n8 => n6"
626,"n0 => n1, n5 => n3, n6 => n7, n14 => n15, n27 => n28, n42 => n43, n48 => n49, n70 => n71"
627,"n1 => n2, n3 => n4, n7 => n8"
628,"n2 => n0, n4 => n5, n8 => n6, n15 => n16, n28 => n29, n43 => n44, n49 => n50, n71 => n72"
629,"n0 => n1, n5 => n3, n6 => n7"
630,"n1 => n2, n3 => n4, n7 => n8, n16 => n17, n29 => n30, n44 => n33, n50 => n51, n72 => n73"
631,"n2 => n0, n4 => n5, n8 => n6"
632,"n0 => n1, n5 => n3, n6 => n7, n17 => n18, n30 => n31, n33 => n34, n51 => n52, n73 => n74"
633,"n1 => n2, n3 => n4, n7 => n8"
634,"n2 => n0, n4 => n5, n8 => n6, n18 => n19, n31 => n32, n34 => n35, n52 => n53, n74 => n75"
635,"n0 => n1, n5 => n3, n6 => n7"
636,"n1 => n2, n3 => n4, n7 => n8, n19 => n20, n32 => n21, n35 => n36, n53 => n54, n75 => n76"
637,"n2 => n0, n4 => n5, n8 => n6"
638,"n0 => n1, n5 => n3, n6 => n7, n20 => n9, n21 => n22, n36 => n37, n54 => n55, n76 => n77"
639,"n1 => n2, n3 => n4, n7 => n8"
640,"n2 => n0, n4 => n5, n8 => n6, n9 => n10, n22 => n23, n37 => n38, n55 => n56, n77 => n78"
641,"n0 => n1, n5 => n3, n6 => n7"
642,"n1 => n2, n3 => n4, n7 => n8, n10 => n11, n23 => n24, n38 => n39, n56 => n45, n78 => n79"
643,"n2 => n0, n4 => n5, n8 => n6"
644,"n0 => n1, n5 => n3, n6 => n7, n11 => n12, n24 => n25, n39 => n40, n45 => n46, n79 => n80"
645,"n1 => n2, n3 => n4, n7 => n8"
646,"n2 => n0, n4 => n5, n8 => n6, n12 => n13, n25 => n26, n40 => n41, n46 => n47, n80 => n57"
647,"n0 => n1, n5 => n3, n6 => n7"
648,"n1 => n2, n3 => n4, n7 => n8, n13 => n14, n26 => n27, n41 => n42, n47 => n48, n57 => n58"
649,"n2 => n0, n4 => n5, n8 => n6"
650,"n0 => n1, n5 => n3, n6 => n7, n14 => n15, n27 => n28, n42 => n43, n48 => n49, n58 => n59"
651,"n1 => n2, n3 => n4, n7 => n8"
652,"n2 => n0, n4 => n5, n8 => n6, n15 => n16, n28 => n29, n43 => n44, n49 => n50, n59 => n60"
653,"n0 => n1, n5 => n3, n6 => n7"
654,"n1 => n2, n3 => n4, n7 => n8, n16 => n17, n29 => n30, n44 => n33, n50 => n51, n60 => n61"
655,"n2 => n0, n4 => n5, n8 => n6"
656,"n0 => n1, n5 => n3, n6 => n7, n17 => n18, n30 => n31, n33 => n34, n51 => n52, n61 => n62"
657,"n1 => n2, n3 => n4, n7 => n8"
658,"n2 => n0, n4 => n5, n8 => n6, n18 => n19, n31 => n32, n34 => n35, n52 => n53, n62 => n63"
659,"n0 => n1, n5 => n3, n6 => n7"
660,"n1 => n2, n3 => n4, n7 => n8, n19 => n20, n32 => n21, n35 => n36, n53 => n54, n63 => n64"
661,"n2 => n0, n4 => n5, n8 => n6"
662,"n0 => n1, n5 => n3, n6 => n7, n20 => n9, n21 => n22, n36 => n37, n54 => n55, n64 => n65"
663,"n1 => n2, n3 => n4, n7 => n8"
664,"n2 => n0, n4 => n5, n8 => n6, n9 => n10, n22 => n23, n37 => n38, n55 => n56, n65 => n66"
665,"n0 => n1, n5 => n3, n6 => n7"
666,"n1 => n2, n3 => n4, n7 => n8, n10 => n11, n23 => n24, n38 => n39, n56 => n45, n66 => n67"
667,"n2 => n0, n4 => n5, n8 => n6"
668,"n0 => n1, n5 => n3, n6 => n7, n11 => n12, n24 => n25, n39 => n40, n45 => n46, n67 => n68"
669,"n1 => n2, n3 => n4, n7 => n8"
670,"n2 => n0, n4 => n5, n8 => n6, n12 => n13, n25 => n26, n40 => n41, n46 => n47, n68 => n69"
671,"n0 => n1, n5 => n3, n6 => n7"
672,"n1 => n2, n3 => n4, n7 => n8, n13 => n14, n26 => n27, n41 => n42, n47 => n48, n69 => n70"
673,"n2 => n0, n4 => n5, n8 => n6"
674,"n0 => n1, n5 => n3, n6 => n7, n14 => n15, n27 => n28, n42 => n43, n48 => n49, n70 => n71"
675,"n1 => n2, n3 => n4, n7 => n8"
676,"n2 => n0, n4 => n5, n8 => n6, n15 => n16, n28 => n29, n43 => n44, n49 => n50, n71 => n72"
677,"n0 => n1, n5 => n3, n6 => n7"
678,"n1 => n2, n3 => n4, n7 => n8, n16 => n17, n29 => n30, n44 => n33, n50 => n51, n72 => n73"
679,"n2 => n0, n4 => n5, n8 => n6"
680,"n0 => n1, n5 => n3, n6 => n7, n17 => n18, n30 => n31, n33 => n34, n51 => n52, n73 => n74"
681,"n1 => n2, n3 => n4, n7 => n8"
682,"n2 => n0, n4 => n5, n8 => n6, n18 => n19, n31 => n32, n34 => n35, n52 => n53, n74 => n75"
683,"n0 => n1, n5 => n3, n6 => n7"
684,"n1 => n2, n3 => n4, n7 => n8, n19 => n20, n32 => n21, n35 => n36, n53 => n54, n75 => n76"
685,"n2 => n0, n4 => n5, n8 => n6"
686,"n0 => n1, n5 => n3, n6 => n7, n20 => n9, n21 => n22, n36 => n37, n54 => n55, n76 => n77"
687,"n1 => n2, n3 => n4, n7 => n8"
688,"n2 => n0, n4 => n5, n8 => n6, n9 => n10, n22 => n23, n37 => n38, n55 => n56, n77 => n78"
689,"n0 => n1, n5 => n3, n6 => n7"
690,"n1 => n2, n3 => n4, n7 => n8, n10 => n11, n23 => n24, n38 => n39, n56 => n45, n78 => n79"
691,"n2 => n0, n4 => n5, n8 => n6"
692,"n0 => n1, n5 => n3, n6 => n7, n11 => n12, n24 => n25, n39 => n40, n45 => n46, n79 => n80"
693,"n1 => n2, n3 => n4, n7 => n8"
694,"n2 => n0, n4 => n5, n8 => n6, n12 => n13, n25 => n26, n40 => n41, n46 => n47, n80 => n57"
695,"n0 => n1, n5 => n3, n6 => n7"
696,"n1 => n2, n3 => n4, n7 => n8, n13 => n14, n26 => n27, n41 => n42, n47 => n48, n57 => n58"
697,"n2 => n0, n4 => n5, n8 => n6"
698,"n0 => n1, n5 => n3, n6 => n7, n14 => n15, n27 => n28, n42 => n43, n48 => n49, n58 => n59"
699,"n1 => n2, n3 => n4, n7 => n8"
700,"n2 => n0, n4 => n5, n8 => n6, n15 => n16, n28 => n29, n43 => n44, n49 => n50, n59 => n60"
701,"n0 => n1, n5 => n3, n6 => n7"
702,"n1 => n2, n3 => n4, n7 => n8, n16 => n17, n29 => n30, n44 => n33, n50 => n51, n60 => n61"
703,"n2 => n0, n4 => n5, n8 => n6"
704,"n0 => n1, n5 => n3, n6 => n7, n17 => n18, n30 => n31, n33 => n34, n51 => n52, n61 => n62"
705,"n1 => n2, n3 => n4, n7 => n8"
706,"n2 => n0, n4 => n5, n8 => n6, n18 => n19, n31 => n32, n34 => n35, n52 => n53, n62 => n63"
707,"n0 => n1, n5 => n3, n6 => n7"
708,"n1 => n2, n3 => n4, n7 => n8, n19 => n20, n32 => n21, n35 => n36, n53 => n54, n63 => n64"
709,"n2 => n0, n4 => n5, n8 => n6"
710,"n0 => n1, n5 => n3, n6 => n7, n20 => n9, n21 => n22, n36 => n37, n54 => n55, n64 => n65"
711,"n1 => n2, n3 => n4, n7 => n8"
712,"n2 => n0, n4 => n5, n8 => n6, n9 => n10, n22 => n23, n37 => n38, n55 => n56, n65 => n66"
713,"n0 => n1, n5 => n3, n6 => n7"
714,"n1 => n2, n3 => n4, n7 => n8, n10 => n11, n23 => n24, n38 => n39, n56 => n45, n66 => n67"
715,"n2 => n0, n4 => n5, n8 => n6"
716,"n0 => n1, n5 => n3, n6 => n7, n11 => n12, n24 => n25, n39 => n40, n45 => n46, n67 => n68"
717,"n1 => n2, n3 => n4, n7 => n8"
718,"n2 => n0, n4 => n5, n8 => n6, n12 => n13, n25 => n26, n40 => n41, n46 => n47, n68 => n69"
719,"n0 => n1, n5 => n3, n6 => n7"
720,"n1 => n2, n3 => n4, n7 => n8, n13 => n14, n26 => n27, n41 => n42, n47 => n48, n69 => n70"
721,"n2 => n0, n4 => n5, n8 => n6"
722,"n0 => n1, n5 => n3, n6 => n7, n14 => n15, n27 => n28, n42 => n43, n48 => n49, n70 => n71"
723,"n1 => n2, n3 => n4, n7 => n8"
724,"n2 => n0, n4 => n5, n8 => n6, n15 => n16, n28 => n29, n43 => n44, n49 => n50, n71 => n72"
725,"n0 => n1, n5 => n3, n6 => n7"
726,"n1 => n2, n3 => n4, n7 => n8, n16 => n17, n29 => n30, n44 => n33, n50 => n51, n72 => n73"
727,"n2 => n0, n4 => n5, n8 => n6"
728,"n0 => n1, n5 => n3, n6 => n7, n17 => n18, n30 => n31, n33 => n34, n51 => n52, n73 => n74"
729,"n1 => n2, n3 => n4, n7 => n8"
730,"n2 => n0, n4 => n5, n8 => n6, n18 => n19, n31 => n32, n34 => n35, n52 => n53, n74 => n75"
731,"n0 => n1, n5 => n3, n6 => n7"
732,"n1 => n2, n3 => n4, n7 => n8, n19 => n20, n32 => n21, n35 => n36, n53 => n54, n75 => n76"
733,"n2 => n0, n4 => n5, n8 => n6"
734,"n0 => n1, n5 => n3, n6 => n7, n20 => n9, n21 => n22, n36 => n37, n54 => n55, n76 => n77"
735,"n1 => n2, n3 => n4, n7 => n8"
736,"n2 => n0, n4 => n5, n8 => n6, n9 => n10, n22 => n23, n37 => n38, n55 => n56, n77 => n78"
737,"n0 => n1, n5 => n3, n6 => n7"
738,"n1 => n2, n3 => n4, n7 => n8, n10 => n11, n23 => n24, n38 => n39, n56 => n45, n78 => n79"
739,"n2 => n0, n4 => n5, n8 => n6"
740,"n0 => n1, n5 => n3, n6 => n7, n11 => n12, n24 => n25, n39 => n40, n45 => n46, n79 => n80"
741,"n1 => n2, n3 => n4, n7 => n8"
742,"n2 => n0, n4 => n5, n8 => n6, n12 => n13, n25 => n26, n40 => n41, n46 => n47, n80 => n57"
743,"n0 => n1, n5 => n3, n6 => n7"
744,"n1 => n2, n3 => n4, n7 => n8, n13 => n14, n26 => n27, n41 => n42, n47 => n48, n57 => n58"
745,"n2 => n0, n4 => n5, n8 => n6"
746,"n0 => n1, n5 => n3, n6 => n7, n14 => n15, n27 => n28, n42 => n43, n48 => n49, n58 => n59"
747,"n1 => n2, n3 => n4, n7 => n8"
748,"n2 => n0, n4 => n5, n8 => n6, n15 => n16, n28 => n29, n43 => n44, n49 => n50, n59 => n60"
749,"n0 => n1, n5 => n3, n6 => n7"
750,"n1 => n2, n3 => n4, n7 => n8, n16 => n17, n29 => n30, n44 => n33, n50 => n51, n60 => n61"
751,"n2 => n0, n4 => n5, n8 => n6"
752,"n0 => n1, n5 => n3, n6 => n7, n17 => n18, n30 => n31, n33 => n34, n51 => n52, n61 => n62"
753,"n1 => n2, n3 => n4, n7 => n8"
754,"n2 => n0, n4 => n5, n8 => n6, n18 => n19, n31 => n32, n34 => n35, n52 => n53, n62 => n63"
755,"n0 => n1, n5 => n3, n6 => n7"
756,"n1 => n2, n3 => n4, n7 => n8, n19 => n20, n32 => n21, n35 => n36, n53 => n54, n63 => n64"
757,"n2 => n0, n4 => n5, n8 => n6"
758,"n0 => n1, n5 => n3, n6 => n7, n20 => n9, n21 => n22, n36 => n37, n54 => n55, n64 => n65"
759,"n1 => n2, n3 => n4, n7 => n8"
760,"n2 => n0, n4 => n5, n8 => n6, n9 => n10, n22 => n23, n37 => n38, n55 => n56, n65 => n66"
761,"n0 => n1, n5 => n3, n6 => n7"
762,"n1 => n2, n3 => n4, n7 => n8, n10 => n11, n23 => n24, n38 => n39, n56 => n45, n66 => n67"
763,"n2 => n0, n4 => n5, n8 => n6"
764,"n0 => n1, n5 => n3, n6 => n7, n11 => n12, n24 => n25, n39 => n40, n45 => n46, n67 => n68"
765,"n1 => n2, n3 => n4, n7 => n8"
766,"n2 => n0, n4 => n5, n8 => n6, n12 => n13, n25 => n26, n40 => n41, n46 => n47, n68 => n69"
767,"n0 => n1, n5 => n3, n6 => n7"
768,"n1 => n2, n3 => n4, n7 => n8, n13 => n14, n26 => n27, n41 => n42, n47 => n48, n69 => n70"
769,"n2 => n0, n4 => n5, n8 => n6"
770,"n0 => n1, n5 => n3, n6 => n7, n14 => n15, n27 => n28, n42 => n43, n48 => n49, n70 => n71"
771,"n1 => n2, n3 => n4, n7 => n8"
772,"n2 => n0, n4 => n5, n8 => n6, n15 => n16, n28 => n29, n43 => n44, n49 => n50, n71 => n72"
773,"n0 => n1, n5 => n3, n6 => n7"
774,"n1 => n2, n3 => n4, n7 => n8, n16 => n17, n29 => n30, n44 => n33, n50 => n51, n72 => n73"
775,"n2 => n0, n4 => n5, n8 => n6"
776,"n0 => n1, n5 => n3, n6 => n7, n17 => n18, n30 => n31, n33 => n34, n51 => n52, n73 => n74"
777,"n1 => n2, n3 => n4, n7 => n8"
778,"n2 => n0, n4 => n5, n8 => n6, n18 => n19, n31 => n32, n34 => n35, n52 => n53, n74 => n75"
779,"n0 => n1, n5 => n3, n6 => n7"
780,"n1 => n2, n3 => n4, n7 => n8, n19 => n20, n32 => n21, n35 => n36, n53 => n54, n75 => n76"
781,"n2 => n0, n4 => n5, n8 => n6"
782,"n0 => n1, n5 => n3, n6 => n7, n20 => n9, n21 => n22, n36 => n37, n54 => n55, n76 => n77"
783,"n1 => n2, n3 => n4, n7 => n8"
784,"n2 => n0, n4 => n5, n8 => n6, n9 => n10, n22 => n23, n37 => n38, n55 => n56, n77 => n78"
785,"n0 => n1, n5 => n3, n6 => n7"
786,"n1 => n2, n3 => n4, n7 => n8, n10 => n11, n23 => n24, n38 => n39, n56 => n45, n78 => n79"
787,"n2 => n0, n4 => n5, n8 => n6"
788,"n0 => n1, n5 => n3, n6 => n7, n11 => n12, n24 => n25, n39 => n40, n45 => n46, n79 => n80"
789,"n1 => n2, n3 => n4, n7 => n8"
790,"n2 => n0, n4 => n5, n8 => n6, n12 => n13, n25 => n26, n40 => n41, n46 => n47, n80 => n57"
791,"n0 => n1, n5 => n3, n6 => n7"
792,"n1 => n2, n3 => n4, n7 => n8, n13 => n14, n26 => n27, n41 => n42, n47 => n48, n57 => n58"
793,"n2 => n0, n4 => n5, n8 => n6"
794,"n0 => n1, n5 => n3, n6 => n7, n14 => n15, n27 => n28, n42 => n43, n48 => n49, n58 => n59"
795,"n1 => n2, n3 => n4, n7 => n8"
796,"n2 => n0, n4 => n5, n8 => n6, n15 => n16, n28 => n29, n43 => n44, n49 => n50, n59 => n60"
797,"n0 => n1, n5 => n3, n6 => n7"
798,"n1 => n2, n3 => n4, n7 => n8, n16 => n17, n29 => n30, n44 => n33, n50 => n51, n60 => n61"
799,"n2 => n0, n4 => n5, n8 => n6"
800,"n0 => n1, n5 => n3, n6 => n7, n17 => n18, n30 => n31, n33 => n34, n51 => n52, n61 => n62"
801,"n1 => n2, n3 => n4, n7 => n8"
802,"n2 => n0, n4 => n5, n8 => n6, n18 => n19, n31 => n32, n34 => n35, n52 => n53, n62 => n63"
803,"n0 => n1, n5 => n3, n6 => n7"
804,"n1 => n2, n3 => n4, n7 => n8, n19 => n20, n32 => n21, n35 => n36, n53 => n54, n63 => n64"
805,"n2 => n0, n4 => n5, n8 => n6"
806,"n0 => n1, n5 => n3, n6 => n7, n20 => n9, n21 => n22, n36 => n37, n54 => n55, n64 => n65"
807,"n1 => n2, n3 => n4, n7 => n8"
808,"n2 => n0, n4 => n5, n8 => n6, n9 => n10, n22 => n23, n37 => n38, n55 => n56, n65 => n66"
809,"n0 => n1, n5 => n3, n6 => n7"
810,"n1 => n2, n3 => n4, n7 => n8, n10 => n11, n23 => n24, n38 => n39, n56 => n45, n66 => n67"
811,"n2 => n0, n4 => n5, n8 => n6"
812,"n0 => n1, n5 => n3, n6 => n7, n11 => n12, n24 => n25, n39 => n40, n45 => n46, n67 => n68"
813,"n1 => n2, n3 => n4, n7 => n8"
814,"n2 => n0, n4 => n5, n8 => n6, n12 => n13, n25 => n26, n40 => n41, n46 => n47, n68 => n69"
815,"n0 => n1, n5 => n3, n6 => n7"
816,"n1 => n2, n3 => n4, n7 => n8, n13 => n14, n26 => n27, n41 => n42, n47 => n48, n69 => n70"
817,"n2 => n0, n4 => n5, n8 => n6"
818,"n0 => n1, n5 => n3, n6 => n7, n14 => n15, n27 => n28, n42 => n43, n48 => n49, n70 => n71"
819,"n1 => n2, n3 => n4, n7 => n8"
820,"n2 => n0, n4 => n5, n8 => n6, n15 => n16, n28 => n29, n43 => n44, n49 => n50, n71 => n72"
821,"n0 => n1, n5 => n3, n6 => n7"
822,"n1 => n2, n3 => n4, n7 => n8, n16 => n17, n29 => n30, n44 => n33, n50 => n51, n72 => n73"
823,"n2 => n0, n4 => n5, n8 => n6"
824,"n0 => n1, n5 => n3, n6 => n7, n17 => n18, n30 => n31, n33 => n34, n51 => n52, n73 => n74"
825,"n1 => n2, n3 => n4, n7 => n8"
826,"n2 => n0, n4 => n5, n8 => n6, n18 => n19, n31 => n32, n34 => n35, n52 => n53, n74 => n75"
827,"n0 => n1, n5 => n3, n6 => n7"
828,"n1 => n2, n3 => n4, n7 => n8, n19 => n20, n32 => n21, n35 => n36, n53 => n54, n75 => n76"
829,"n2 => n0, n4 => n5, n8 => n6"
830,"n0 => n1, n5 => n3, n6 => n7, n20 => n9, n21 => n22, n36 => n37, n54 => n55, n76 => n77"
831,"n1 => n2, n3 => n4, n7 => n8"
832,"n2 => n0, n4 => n5, n8 => n6, n9 => n10, n22 => n23, n37 => n38, n55 => n56, n77 => n78"
833,"n0 => n1, n5 => n3, n6 => n7"
834,"n1 => n2, n3 => n4, n7 => n8, n10 => n11, n23 => n24, n38 => n39, n56 => n45, n78 => n79"
835,"n2 => n0, n4 => n5, n8 => n6"
836,"n0 => n1, n5 => n3, n6 => n7, n11 => n12, n24 => n25, n39 => n40, n45 => n46, n79 => n80"
837,"n1 => n2, n3 => n4, n7 => n8"
838,"n2 => n0, n4 => n5, n8 => n6, n12 => n13, n25 => n26, n40 => n41, n46 => n47, n80 => n57"
839,"n0 => n1, n5 => n3, n6 => n7"
840,"n1 => n2, n3 => n4, n7 => n8, n13 => n14, n26 => n27, n41 => n42, n47 => n48, n57 => n58"
841,"n2 => n0, n4 => n5, n8 => n6"
842,"n0 => n1, n5 => n3, n6 => n7, n14 => n15, n27 => n28, n42 => n43, n48 => n49, n58 => n59"
843,"n1 => n2, n3 => n4, n7 => n8"
844,"n2 => n0, n4 => n5, n8 => n6, n15 => n16, n28 => n29, n43 => n44, n49 => n50, n59 => n60"
845,"n0 => n1, n5 => n3, n6 => n7"
846,"n1 => n2, n3 => n4, n7 => n8, n16 => n17, n29 => n30, n44 => n33, n50 => n51, n60 => n61"
847,"n2 => n0, n4 => n5, n8 => n6"
848,"n0 => n1, n5 => n3, n6 => n7, n17 => n18, n30 => n31, n33 => n34, n51 => n52, n61 => n62"
849,"n1 => n2, n3 => n4, n7 => n8"
850,"n2 => n0, n4 => n5, n8 => n6, n18 => n19, n31 => n32, n34 => n35, n52 => n53, n62 => n63"
851,"n0 => n1, n5 => n3, n6 => n7"
852,"n1 => n2, n3 => n4, n7 => n8, n19 => n20, n32 => n21, n35 => n36, n53 => n54, n63 => n64"
853,"n2 => n0, n4 => n5, n8 => n6"
854,"n0 => n1, n5 => n3, n6 => n7, n20 => n9, n21 => n22, n36 => n37, n54 => n55, n64 => n65"
855,"n1 => n2, n3 => n4, n7 => n8"
856,"n2 => n0, n4 => n5, n8 => n6, n9 => n10, n22 => n23, n37 => n38, n55 => n56, n65 => n66"
857,"n0 => n1, n5 => n3, n6 => n7"
858,"n1 => n2, n3 => n4, n7 => n8, n10 => n11, n23 => n24, n38 => n39, n56 => n45, n66 => n67"
859,"n2 => n0, n4 => n5, n8 => n6"
860,"n0 => n1, n5 => n3, n6 => n7, n11 => n12, n24 => n25, n39 => n40, n45 => n46, n67 => n68"
861,"n1 => n2, n3 => n4, n7 => n8"
862,"n2 => n0, n4 => n5, n8 => n6, n12 => n13, n25 => n26, n40 => n41, n46 => n47, n68 => n69"
863,"n0 => n1, n5 => n3, n6 => n7"
864,"n1 => n2, n3 => n4, n7 => n8, n13 => n14, n26 => n27, n41 => n42, n47 => n48, n69 => n70"
865,"n2 => n0, n4 => n5, n8 => n6"
866,"n0 => n1, n5 => n3, n6 => n7, n14 => n15, n27 => n28, n42 => n43, n48 => n49, n70 => n71"
867,"n1 => n2, n3 => n4, n7 => n8"
868,"n2 => n0, n4 => n5, n8 => n6, n15 => n16, n28 => n29, n43 => n44, n49 => n50, n71 => n72"
869,"n0 => n1, n5 => n3, n6 => n7"
870,"n1 => n2, n3 => n4, n7 => n8, n16 => n17, n29 => n30, n44 => n33, n50 => n51, n72 => n73"
871,"n2 => n0, n4 => n5, n8 => n6"
872,"n0 => n1, n5 => n3, n6 => n7, n17 => n18, n30 => n31, n33 => n34, n51 => n52, n73 => n74"
873,"n1 => n2, n3 => n4, n7 => n8"
874,"n2 => n0, n4 => n5, n8 => n6, n18 => n19, n31 => n32, n34 => n35, n52 => n53, n74 => n75"
875,"n0 => n1, n5 => n3, n6 => n7"
876,"n1 => n2, n3 => n4, n7 => n8, n19 => n20, n32 => n21, n35 => n36, n53 => n54, n75 => n76"
877,"n2 => n0, n4 => n5, n8 => n6"
878,"n0 => n1, n5 => n3, n6 => n7, n20 => n9, n21 => n22, n36 => n37, n54 => n55, n76 => n77"
879,"n1 => n2, n3 => n4, n7 => n8"
880,"n2 => n0, n4 => n5, n8 => n6, n9 => n10, n22 => n23, n37 => n38, n55 => n56, n77 => n78"
881,"n0 => n1, n5 => n3, n6 => n7"
882,"n1 => n2, n3 => n4, n7 => n8, n10 => n11, n23 => n24, n38 => n39, n56 => n45, n78 => n79"
883,"n2 => n0, n4 => n5, n8 => n6"
884,"n0 => n1, n5 => n3, n6 => n7, n11 => n12, n24 => n25, n39 => n40, n45 => n46, n79 => n80"
885,"n1 => n2, n3 => n4, n7 => n8"
886,"n2 => n0, n4 => n5, n8 => n6, n12 => n13, n25 => n26, n40 => n41, n46 => n47, n80 => n57"
887,"n0 => n1, n5 => n3, n6 => n7"
888,"n1 => n2, n3 => n4, n7 => n8, n13 => n14, n26 => n27, n41 => n42, n47 => n48, n57 => n58"
889,"n2 => n0, n4 => n5, n8 => n6"
890,"n0 => n1, n5 => n3, n6 => n7, n14 => n15, n27 => n28, n42 => n43, n48 => n49, n58 => n59"
891,"n1 => n2, n3 => n4, n7 => n8"
892,"n2 => n0, n4 => n5, n8 => n6, n15 => n16, n28 => n29, n43 => n44, n49 => n50, n59 => n60"
893,"n0 => n1, n5 => n3, n6 => n7"
894,"n1 => n2, n3 => n4, n7 => n8, n16 => n17, n29 => n30, n44 => n33, n50 => n51, n60 => n61"
895,"n2 => n0, n4 => n5, n8 => n6"
896,"n0 => n1, n5 => n3, n6 => n7, n17 => n18, n30 => n31, n33 => n34, n51 => n52, n61 => n62"
897,"n1 => n2, n3 => n4, n7 => n8"
898,"n2 => n0, n4 => n5, n8 => n6, n18 => n19, n31 => n32, n34 => n35, n52 => n53, n62 => n63"
899,"n0 => n1, n5 => n3, n6 => n7"
900,"n1 => n2, n3 => n4, n7 => n8, n19 => n20, n32 => n21, n35 => n36, n53 => n54, n63 => n64"
901,"n2 => n0, n4 => n5, n8 => n6"
902,"n0 => n1, n5 => n3, n6 => n7, n20 => n9, n21 => n22, n36 => n37, n54 => n55, n64 => n65"
903,"n1 => n2, n3 => n4, n7 => n8"
904,"n2 => n0, n4 => n5, n8 => n6, n9 => n10, n22 => n23, n37 => n38, n55 => n56, n65 => n66"
905,"n0 => n1, n5 => n3, n6 => n7"
906,"n1 => n2, n3 => n4, n7 => n8, n10 => n11, n23 => n24, n38 => n39, n56 => n45, n66 => n67"
907,"n2 => n0, n4 => n5, n8 => n6"
908,"n0 => n1, n5 => n3, n6 => n7, n11 => n12, n24 => n25, n39 => n40, n45 => n46, n67 => n68"
909,"n1 => n2, n3 => n4, n7 => n8"
910,"n2 => n0, n4 => n5, n8 => n6, n12 => n13, n25 => n26, n40 => n41, n46 => n47, n68 => n69"
911,"n0 => n1, n5 => n3, n6 => n7"
912,"n1 => n2, n3 => n4, n7 => n8, n13 => n14, n26 => n27, n41 => n42, n47 => n48, n69 => n70"
913,"n2 => n0, n4 => n5, n8 => n6"
914,"n0 => n1, n5 => n3, n6 => n7, n14 => n15, n27 => n28, n42 => n43, n48 => n49, n70 => n71"
915,"n1 => n2, n3 => n4, n7 => n8"
916,"n2 => n0, n4 => n5, n8 => n6, n15 => n16, n28 => n29, n43 => n44, n49 => n50, n71 => n72"
917,"n0 => n1, n5 => n3, n6 => n7"
918,"n1 => n2, n3 => n4, n7 => n8, n16 => n17, n29 => n30, n44 => n33, n50 => n51, n72 => n73"
919,"n2 => n0, n4 => n5, n8 => n6"
920,"n0 => n1, n5 => n3, n6 => n7, n17 => n18, n30 => n31, n33 => n34, n51 => n52, n73 => n74"
921,"n1 => n2, n3 => n4, n7 => n8"
922,"n2 => n0, n4 => n5, n8 => n6, n18 => n19, n31 => n32, n34 => n35, n52 => n53, n74 => n75"
923,"n0 => n1, n5 => n3, n6 => n7"
924,"n1 => n2, n3 => n4, n7 => n8, n19 => n20, n32 => n21, n35 => n36, n53 => n54, n75 => n76"
925,"n2 => n0, n4 => n5, n8 => n6"
926,"n0 => n1, n5 => n3, n6 => n7, n20 => n9, n21 => n22, n36 => n37, n54 => n55, n76 => n77"
927,"n1 => n2, n3 => n4, n7 => n8"
928,"n2 => n0, n4 => n5, n8 => n6, n9 => n10, n22 => n23, n37 => n38, n55 => n56, n77 => n78"
929,"n0 => n1, n5 => n3, n6 => n7"
930,"n1 => n2, n3 => n4, n7 => n8, n10 => n11, n23 => n24, n38 => n39, n56 => n45, n78 => n79"
931,"n2 => n0, n4 => n5, n8 => n6"
932,"n0 => n1, n5 => n3, n6 => n7, n11 => n12, n24 => n25, n39 => n40, n45 => n46, n79 => n80"
933,"n1 => n2, n3 => n4, n7 => n8"
934,"n2 => n0, n4 => n5, n8 => n6, n12 => n13, n25 => n26, n40 => n41, n46 => n47, n80 => n57"
935,"n0 => n1, n5 => n3, n6 => n7"
936,"n1 => n2, n3 => n4, n7 => n8, n13 => n14, n26 => n27, n41 => n42, n47 => n48, n57 => n58"
937,"n2 => n0, n4 => n5, n8 => n6"
938,"n0 => n1, n5 => n3, n6 => n7, n14 => n15, n27 => n28, n42 => n43, n48 => n49, n58 => n59"
939,"n1 => n2, n3 => n4, n7 => n8"
940,"n2 => n0, n4 => n5, n8 => n6, n15 => n16, n28 => n29, n43 => n44, n49 => n50, n59 => n60"
941,"n0 => n1, n5 => n3, n6 => n7"
942,"n1 => n2, n3 => n4, n7 => n8, n16 => n17, n29 => n30, n44 => n33, n50 => n51, n60 => n61"
943,"n2 => n0, n4 => n5, n8 => n6"
944,"n0 => n1, n5 => n3, n6 => n7, n17 => n18, n30 => n31, n33 => n34, n51 => n52, n61 => n62"
945,"n1 => n2, n3 => n4, n7 => n8"
946,"n2 => n0, n4 => n5, n8 => n6, n18 => n19, n31 => n32, n34 => n35, n52 => n53, n62 => n63"
947,"n0 => n1, n5 => n3, n6 => n7"
948,"n1 => n2, n3 => n4, n7 => n8, n19 => n20, n32 => n21, n35 => n36, n53 => n54, n63 => n64"
949,"n2 => n0, n4 => n5, n8 => n6"
950,"n0 => n1, n5 => n3, n6 => n7, n20 => n9, n21 => n22, n36 => n37, n54 => n55, n64 => n65"
951,"n1 => n2, n3 => n4, n7 => n8"
952,"n2 => n0, n4 => n5, n8 => n6, n9 => n10, n22 => n23, n37 => n38, n55 => n56, n65 => n66"
953,"n0 => n1, n5 => n3, n6 => n7"
954,"n1 => n2, n3 => n4, n7 => n8, n10 => n11, n23 => n24, n38 => n39, n56 => n45, n66 => n67"
955,"n2 => n0, n4 => n5, n8 => n6"
956,"n0 => n1, n5 => n3, n6 => n7, n11 => n12, n24 => n25, n39 => n40, n45 => n46, n67 => n68"
957,"n1 => n2, n3 => n4, n7 => n8"
958,"n2 => n0, n4 => n5, n8 => n6, n12 => n13, n25 => n26, n40 => n41, n46 => n47, n68 => n69"
959,"n0 => n1, n5 => n3, n6 => n7"
960,"n1 => n2, n3 => n4, n7 => n8, n13 => n14, n26 => n27, n41 => n42, n47 => n48, n69 => n70"
961,"n2 => n0, n4 => n5, n8 => n6"
962,"n0 => n1, n5 => n3, n6 => n7, n14 => n15, n27 => n28, n42 => n43, n48 => n49, n70 => n71"
963,"n1 => n2, n3 => n4, n7 => n8"
964,"n2 => n0, n4 => n5, n8 => n6, n15 => n16, n28 => n29, n43 => n44, n49 => n50, n71 => n72"
965,"n0 => n1, n5 => n3, n6 => n7"
966,"n1 => n2, n3 => n4, n7 => n8, n16 => n17, n29 => n30, n44 => n33, n50 => n51, n72 => n73"
967,"n2 => n0, n4 => n5, n8 => n6"
968,"n0 => n1, n5 => n3, n6 => n7, n17 => n18, n30 => n31, n33 => n34, n51 => n52, n73 => n74"
969,"n1 => n2, n3 => n4, n7 => n8"
970,"n2 => n0, n4 => n5, n8 => n6, n18 => n19, n31 => n32, n34 => n35, n52 => n53, n74 => n75"
971,"n0 => n1, n5 => n3, n6 => n7"
972,"n1 => n2, n3 => n4, n7 => n8, n19 => n20, n32 => n21, n35 => n36, n53 => n54, n75 => n76"
973,"n2 => n0, n4 => n5, n8 => n6"
974,"n0 => n1, n5 => n3, n6 => n7, n20 => n9, n21 => n22, n36 => n37, n54 => n55, n76 => n77"
975,"n1 => n2, n3 => n4, n7 => n8"
976,"n2 => n0, n4 => n5, n8 => n6, n9 => n10, n22 => n23, n37 => n38, n55 => n56, n77 => n78"
977,"n0 => n1, n5 => n3, n6 => n7"
978,"n1 => n2, n3 => n4, n7 => n8, n10 => n11, n23 => n24, n38 => n39, n56 => n45, n78 => n79"
979,"n2 => n0, n4 => n5, n8 => n6"
980,"n0 => n1, n5 => n3, n6 => n7, n11 => n12, n24 => n25, n39 => n40, n45 => n46, n79 => n80"
981,"n1 => n2, n3 => n4, n7 => n8"
982,"n2 => n0, n4 => n5, n8 => n6, n12 => n13, n25 => n26, n40 => n41, n46 => n47, n80 => n57"
983,"n0 => n1, n5 => n3, n6 => n7"
984,"n1 => n2, n3 => n4, n7 => n8, n13 => n14, n26 => n27, n41 => n42, n47 => n48, n57 => n58"
985,"n2 => n0, n4 => n5, n8 => n6"
986,"n0 => n1, n5 => n3, n6 => n7, n14 => n15, n27 => n28, n42 => n43, n48 => n49, n58 => n59"
987,"n1 => n2, n3 => n4, n7 => n8"
988,"n2 => n0, n4 => n5, n8 => n6, n15 => n16, n28 => n29, n43 => n44, n49 => n50, n59 => n60"
989,"n0 => n1, n5 => n3, n6 => n7"
990,"n1 => n2, n3 => n4, n7 => n8, n16 => n17, n29 => n30, n44 => n33, n50 => n51, n60 => n61"
991,"n2 => n0, n4 => n5, n8 => n6"
992,"n0 => n1, n5 => n3, n6 => n7, n17 => n18, n30 => n31, n33 => n34, n51 => n52, n61 => n62"
993,"n1 => n2, n3 => n4, n7 => n8"
994,"n2 => n0, n4 => n5, n8 => n6, n18 => n19, n31 => n32, n34 => n35, n52 => n53, n62 => n63"
995,"n0 => n1, n5 => n3, n6 => n7"
996,"n1 => n2, n3 => n4, n7 => n8, n19 => n20, n32 => n21, n35 => n36, n53 => n54, n63 => n64"
997,"n2 => n0, n4 => n5, n8 => n6"
998,"n0 => n1, n5 => n3, n6 => n7, n20 => n9, n21 => n22, n36 => n37, n54 => n55, n64 => n65"
999,"n1 => n2, n3 => n4, n7 => n8"
1000,"n2 => n0, n4 => n5, n8 => n6, n9 => n10, n22 => n23, n37 => n38, n55 => n56, n65 => n66"
1001,"n0 => n1, n5 => n3, n6 => n7"
1002,"n1 => n2, n3 => n4, n7 => n8, n10 => n11, n23 => n24, n38 => n39, n56 => n45, n66 => n67"
1003,"n2 => n0, n4 => n5, n8 => n6"
1004,"n0 => n1, n5 => n3, n6 => n7, n11 => n12, n24 => n25, n39 => n40, n45 => n46, n67 => n68"
1005,"n1 => n2, n3 => n4, n7 => n8"
1006,"n2 => n0, n4 => n5, n8 => n6, n12 => n13, n25 => n26, n40 => n41, n46 => n47, n68 => n69"
1007,"n0 => n1, n5 => n3, n6 => n7"
1008,"n1 => n2, n3 => n4, n7 => n8, n13 => n14, n26 => n27, n41 => n42, n47 => n48, n69 => n70"
1009,"n2 => n0, n4 => n5, n8 => n6"
1010,"n0 => n1, n5 => n3, n6 => n7, n14 => n15, n27 => n28, n42 => n43, n48 => n49, n70 => n71"
1011,"n1 => n2, n3 => n4, n7 => n8"
1012,"n2 => n0, n4 => n5, n8 => n6, n15 => n16, n28 => n29, n43 => n44, n49 => n50, n71 => n72"
1013,"n0 => n1, n5 => n3, n6 => n7"
1014,"n1 => n2, n3 => n4, n7 => n8, n16 => n17, n29 => n30, n44 => n33, n50 => n51, n72 => n73"
1015,"n2 => n0, n4 => n5, n8 => n6"
1016,"n0 => n1, n5 => n3, n6 => n7, n17 => n18, n30 => n31, n33 => n34, n51 => n52, n73 => n74"
1017,"n1 => n2, n3 => n4, n7 => n8"
1018,"n2 => n0, n4 => n5, n8 => n6, n18 => n19, n31 => n32, n34 => n35, n52 => n53, n74 => n75"
1019,"n0 => n1, n5 => n3, n6 => n7"
1020,"n1 => n2, n3 => n4, n7 => n8, n19 => n20, n32 => n21, n35 => n36, n53 => n54, n75 => n76"
1021,"n2 => n0, n4 => n5, n8 => n6"
1022,"n0 => n1, n5 => n3, n6 => n7, n20 => n9, n21 => n22, n36 => n37, n54 => n55, n76 => n77"
1023,"n1 => n2, n3 => n4, n7 => n8"
1024,"n2 => n0, n4 => n5, n8 => n6, n9 => n10, n22 => n23, n37 => n38, n55 => n56, n77 => n78"
1025,"n0 => n1, n5 => n3, n6 => n7"
1026,"n1 => n2, n3 => n4, n7 => n8, n10 => n11, n23 => n24, n38 => n39, n56 => n45, n78 => n79"
1027,"n2 => n0, n4 => n5, n8 => n6"
1028,"n0 => n1, n5 => n3, n6 => n7, n11 => n12, n24 => n25, n39 => n40, n45 => n46, n79 => n80"
1029,"n1 => n2, n3 => n4, n7 => n8"
1030,"n2 => n0, n4 => n5, n8 => n6, n12 => n13, n25 => n26, n40 => n41, n46 => n47, n80 => n57"
1031,"n0 => n1, n5 => n3, n6 => n7"
1032,"n1 => n2, n3 => n4, n7 => n8, n13 => n14, n26 => n27, n41 => n42, n47 => n48, n57 => n58"
1033,"n2 => n0, n4 => n5, n8 => n6"
1034,"n0 => n1, n5 => n3, n6 => n7, n14 => n15, n27 => n28, n42 => n43, n48 => n49, n58 => n59"
1035,"n1 => n2, n3 => n4, n7 => n8"
1036,"n2 => n0, n4 => n5, n8 => n6, n15 => n16, n28 => n29, n43 => n44, n49 => n50, n59 => n60"
1037,"n0 => n1, n5 => n3, n6 => n7"
1038,"n1 => n2, n3 => n4, n7 => n8, n16 => n17, n29 => n30, n44 => n33, n50 => n51, n60 => n61"
1039,"n2 => n0, n4 => n5, n8 => n6"
1040,"n0 => n1, n5 => n3, n6 => n7, n17 => n18, n30 => n31, n33 => n34, n51 => n52, n61 => n62"
1041,"n1 => n2, n3 => n4, n7 => n8"
1042,"n2 => n0, n4 => n5, n8 => n6, n18 => n19, n31 => n32, n34 => n35, n52 => n53, n62 => n63"
1043,"n0 => n1, n5 => n3, n6 => n7"
1044,"n1 => n2, n3 => n4, n7 => n8, n19 => n20, n32 => n21, n35 => n36, n53 => n54, n63 => n64"
1045,"n2 => n0, n4 => n5, n8 => n6"
1046,"n0 => n1, n5 => n3, n6 => n7, n20 => n9, n21 => n22, n36 => n37, n54 => n55, n64 => n65"
1047,"n1 => n2, n3 => n4, n7 => n8"
1048,"n2 => n0, n4 => n5, n8 => n6, n9 => n10, n22 => n23, n37 => n38, n55 => n56, n65 => n66"
1049,"n0 => n1, n5 => n3, n6 => n7"
1050,"n1 => n2, n3 => n4, n7 => n8, n10 => n11, n23 => n24, n38 => n39, n56 => n45, n66 => n67"
1051,"n2 => n0, n4 => n5, n8 => n6"
1052,"n0 => n1, n5 => n3, n6 => n7, n11 => n12, n24 => n25, n39 => n40, n45 => n46, n67 => n68"
1053,"n1 => n2, n3 => n4, n7 => n8"
1054,"n2 => n0, n4 => n5, n8 => n6, n12 => n13, n25 => n26, n40 => n41, n46 => n47, n68 => n69"
1055,"n0 => n1, n5 => n3, n6 => n7"
1056,"n1 => n2, n3 => n4, n7 => n8, n13 => n14, n26 => n27, n41 => n42, n47 => n48, n69 => n70"
1057,"n2 => n0, n4 => n5, n8 => n6"
1058,"n0 => n1, n5 => n3, n6 => n7, n14 => n15, n27 => n28, n42 => n43, n48 => n49, n70 => n71"
1059,"n1 => n2, n3 => n4, n7 => n8"
1060,"n2 => n0, n4 => n5, n8 => n6, n15 => n16, n28 => n29, n43 => n44, n49 => n50, n71 => n72"
1061,"n0 => n1, n5 => n3, n6 => n7"
1062,"n1 => n2, n3 => n4, n7 => n8, n16 => n17, n29 => n30, n44 => n33, n50 => n51, n72 => n73"
1063,"n2 => n0, n4 => n5, n8 => n6"
1064,"n0 => n1, n5 => n3, n6 => n7, n17 => n18, n30 => n31, n33 => n34, n51 => n52, n73 => n74"
1065,"n1 => n2, n3 => n4, n7 => n8"
1066,"n2 => n0, n4 => n5, n8 => n6, n18 => n19, n31 => n32, n34 => n35, n52 => n53, n74 => n75"
1067,"n0 => n1, n5 => n3, n6 => n7"
1068,"n1 => n2, n3 => n4, n7 => n8, n19 => n20, n32 => n21, n35 => n36, n53 => n54, n75 => n76"
1069,"n2 => n0, n4 => n5, n8 => n6"
1070,"n0 => n1, n5 => n3, n6 => n7, n20 => n9, n21 => n22, n36 => n37, n54 => n55, n76 => n77"
1071,"n1 => n2, n3 => n4, n7 => n8"
1072,"n2 => n0, n4 => n5, n8 => n6, n9 => n10, n22 => n23, n37 => n38, n55 => n56, n77 => n78"
1073,"n0 => n1, n5 => n3, n6 => n7"
1074,"n1 => n2, n3 => n4, n7 => n8, n10 => n11, n23 => n24, n38 => n39, n56 => n45, n78 => n79"
1075,"n2 => n0, n4 => n5, n8 => n6"
1076,"n0 => n1, n5 => n3, n6 => n7, n11 => n12, n24 => n25, n39 => n40, n45 => n46, n79 => n80"
1077,"n1 => n2, n3 => n4, n7 => n8"
1078,"n2 => n0, n4 => n5, n8 => n6, n12 => n13, n25 => n26, n40 => n41, n46 => n47, n80 => n57"
1079,"n0 => n1, n5 => n3, n6 => n7"
1080,"n1 => n2, n3 => n4, n7 => n8, n13 => n14, n26 => n27, n41 => n42, n47 => n48, n57 => n58"
1081,"n2 => n0, n4 => n5, n8 => n6"
1082,"n0 => n1, n5 => n3, n6 => n7, n14 => n15, n27 => n28, n42 => n43, n48 => n49, n58 => n59"
1083,"n1 => n2, n3 => n4, n7 => n8"
1084,"n2 => n0, n4 => n5, n8 => n6, n15 => n16, n28 => n29, n43 => n44, n49 => n50, n59 => n60"
1085,"n0 => n1, n5 => n3, n6 => n7"
1086,"n1 => n2, n3 => n4, n7 => n8, n16 => n17, n29 => n30, n44 => n33, n50 => n51, n60 => n61"
1087,"n2 => n0, n4 => n5, n8 => n6"
1088,"n0 => n1, n5 => n3, n6 => n7, n17 => n18, n30 => n31, n33 => n34, n51 => n52, n61 => n62"
1089,"n1 => n2, n3 => n4, n7 => n8"
1090,"n2 => n0, n4 => n5, n8 => n6, n18 => n19, n31 => n32, n34 => n35, n52 => n53, n62 => n63"
1091,"n0 => n1, n5 => n3, n6 => n7"
1092,"n1 => n2, n3 => n4, n7 => n8, n19 => n20, n32 => n21, n35 => n36, n53 => n54, n63 => n64"
1093,"n2 => n0, n4 => n5, n8 => n6"
1094,"n0 => n1, n5 => n3, n6 => n7, n20 => n9, n21 => n22, n36 => n37, n54 => n55, n64 => n65"
1095,"n1 => n2, n3 => n4, n7 => n8"
1096,"n2 => n0, n4 => n5, n8 => n6, n9 => n10, n22 => n23, n37 => n38, n55 => n56, n65 => n66"
1097,"n0 => n1, n5 => n3, n6 => n7"
1098,"n1 => n2, n3 => n4, n7 => n8, n10 => n11, n23 => n24, n38 => n39, n56 => n45, n66 => n67"
1099,"n2 => n0, n4 => n5, n8 => n6"
1100,"n0 => n1, n5 => n3, n6 => n7, n11 => n12, n24 => n25, n39 => n40, n45 => n46, n67 => n68"
1101,"n1 => n2, n3 => n4, n7 => n8"
1102,"n2 => n0, n4 => n5, n8 => n6, n12 => n13, n25 => n26, n40 => n41, n46 => n47, n68 => n69"
1103,"n0 => n1, n5 => n3, n6 => n7"
1104,"n1 => n2, n3 => n4, n7 => n8, n13 => n14, n26 => n27, n41 => n42, n47 => n48, n69 => n70"
1105,"n2 => n0, n4 => n5, n8 => n6"
1106,"n0 => n1, n5 => n3, n6 => n7, n14 => n15, n27 => n28, n42 => n43, n48 => n49, n70 => n71"
1107,"n1 => n2, n3 => n4, n7 => n8"
1108,"n2 => n0, n4 => n5, n8 => n6, n15 => n16, n28 => n29, n43 => n44, n49 => n50, n71 => n72"
1109,"n0 => n1, n5 => n3, n6 => n7"
1110,"n1 => n2, n3 => n4, n7 => n8, n16 => n17, n29 => n30, n44 => n33, n50 => n51, n72 => n73"
1111,"n2 => n0, n4 => n5, n8 => n6"
1112,"n0 => n1, n5 => n3, n6 => n7, n17 => n18, n30 => n31, n33 => n34, n51 => n52, n73 => n74"
1113,"n1 => n2, n3 => n4, n7 => n8"
1114,"n2 => n0, n4 => n5, n8 => n6, n18 => n19, n31 => n32, n34 => n35, n52 => n53, n74 => n75"
1115,"n0 => n1, n5 => n3, n6 => n7"
1116,"n1 => n2, n3 => n4, n7 => n8, n19 => n20, n32 => n21, n35 => n36, n53 => n54, n75 => n76"
1117,"n2 => n0, n4 => n5, n8 => n6"
1118,"n0 => n1, n5 => n3, n6 => n7, n20 => n9, n21 => n22, n36 => n37, n54 => n55, n76 => n77"
1119,"n1 => n2, n3 => n4, n7 => n8"
1120,"n2 => n0, n4 => n5, n8 => n6, n9 => n10, n22 => n23, n37 => n38, n55 => n56, n77 => n78"
1121,"n0 => n1, n5 => n3, n6 => n7"
1122,"n1 => n2, n3 => n4, n7 => n8, n10 => n11, n23 => n24, n38 => n39, n56 => n45, n78 => n79"
1123,"n2 => n0, n4 => n5, n8 => n6"
1124,"n0 => n1, n5 => n3, n6 => n7, n11 => n12, n24 => n25, n39 => n40, n45 => n46, n79 => n80"
1125,"n1 => n2, n3 => n4, n7 => n8"
1126,"n2 => n0, n4 => n5, n8 => n6, n12 => n13, n25 => n26, n40 => n41, n46 => n47, n80 => n57"
1127,"n0 => n1, n5 => n3, n6 => n7"
1128,"n1 => n2, n3 => n4, n7 => n8, n13 => n14, n26 => n27, n41 => n42, n47 => n48, n57 => n58"
1129,"n2 => n0, n4 => n5, n8 => n6"
1130,"n0 => n1, n5 => n3, n6 => n7, n14 => n15, n27 => n28, n42 => n43, n48 => n49, n58 => n59"
1131,"n1 => n2, n3 => n4, n7 => n8"
1132,"n2 => n0, n4 => n5, n8 => n6, n15 => n16, n28 => n29, n43 => n44, n49 => n50, n59 => n60"
1133,"n0 => n1, n5 => n3, n6 => n7"
1134,"n1 => n2, n3 => n4, n7 => n8, n16 => n17, n29 => n30, n44 => n33, n50 => n51, n60 => n61"
1135,"n2 => n0, n4 => n5, n8 => n6"
1136,"n0 => n1, n5 => n3, n6 => n7, n17 => n18, n30 => n31, n33 => n34, n51 => n52, n61 => n62"
1137,"n1 => n2, n3 => n4, n7 => n8"
1138,"n2 => n0, n4 => n5, n8 => n6, n18 => n19, n31 => n32, n34 => n35, n52 => n53, n62 => n63"
1139,"n0 => n1, n5 => n3, n6 => n7"
1140,"n1 => n2, n3 => n4, n7 => n8, n19 => n20, n32 => n21, n35 => n36, n53 => n54, n63 => n64"
1141,"n2 => n0, n4 => n5, n8 => n6"
1142,"n0 => n1, n5 => n3, n6 => n7, n20 => n9, n21 => n22, n36 => n37, n54 => n55, n64 => n65"
1143,"n1 => n2, n3 => n4, n7 => n8"
1144,"n2 => n0, n4 => n5, n8 => n6, n9 => n10, n22 => n23, n37 => n38, n55 => n56, n65 => n66"
1145,"n0 => n1, n5 => n3, n6 => n7"
1146,"n1 => n2, n3 => n4, n7 => n8, n10 => n11, n23 => n24, n38 => n39, n56 => n45, n66 => n67"
1147,"n2 => n0, n4 => n5, n8 => n6"
1148,"n0 => n1, n5 => n3, n6 => n7, n11 => n12, n24 => n25, n39 => n40, n45 => n46, n67 => n68"
1149,"n1 => n2, n3 => n4, n7 => n8"
1150,"n2 => n0, n4 => n5, n8 => n6, n12 => n13, n25 => n26, n40 => n41, n46 => n47, n68 => n69"
1151,"n0 => n1, n5 => n3, n6 => n7"
1152,"n1 => n2, n3 => n4, n7 => n8, n13 => n14, n26 => n27, n41 => n42, n47 => n48, n69 => n70"
1153,"n2 => n0, n4 => n5, n8 => n6"
1154,"n0 => n1, n5 => n3, n6 => n7, n14 => n15, n27 => n28, n42 => n43, n48 => n49, n70 => n71"
1155,"n1 => n2, n3 => n4, n7 => n8"
1156,"n2 => n0, n4 => n5, n8 => n6, n15 => n16, n28 => n29, n43 => n44, n49 => n50, n71 => n72"
1157,"n0 => n1, n5 => n3, n6 => n7"
1158,"n1 => n2, n3 => n4, n7 => n8, n16 => n17, n29 => n30, n44 => n33, n50 => n51, n72 => n73"
1159,"n2 => n0, n4 => n5, n8 => n6"
1160,"n0 => n1, n5 => n3, n6 => n7, n17 => n18, n30 => n31, n33 => n34, n51 => n52, n73 => n74"
1161,"n1 => n2, n3 => n4, n7 => n8"
1162,"n2 => n0, n4 => n5, n8 => n6, n18 => n19, n31 => n32, n34 => n35, n52 => n53, n74 => n75"
1163,"n0 => n1, n5 => n3, n6 => n7"
1164,"n1 => n2, n3 => n4, n7 => n8, n19 => n20, n32 => n21, n35 => n36, n53 => n54, n75 => n76"
1165,"n2 => n0, n4 => n5, n8 => n6"
1166,"n0 => n1, n5 => n3, n6 => n7, n20 => n9, n21 => n22, n36 => n37, n54 => n55, n76 => n77"
1167,"n1 => n2, n3 => n4, n7 => n8"
1168,"n2 => n0, n4 => n5, n8 => n6, n9 => n10, n22 => n23, n37 => n38, n55 => n56, n77 => n78"
1169,"n0 => n1, n5 => n3, n6 => n7"
1170,"n1 => n2, n3 => n4, n7 => n8, n10 => n11, n23 => n24, n38 => n39, n56 => n45, n78 => n79"
1171,"n2 => n0, n4 => n5, n8 => n6"
1172,"n0 => n1, n5 => n3, n6 => n7, n11 => n12, n24 => n25, n39 => n40, n45 => n46, n79 => n80"
1173,"n1 => n2, n3 => n4, n7 => n8"
1174,"n2 => n0, n4 => n5, n8 => n6, n12 => n13, n25 => n26, n40 => n41, n46 => n47, n80 => n57"
1175,"n0 => n1, n5 => n3, n6 => n7"
1176,"n1 => n2, n3 => n4, n7 => n8, n13 => n14, n26 => n27, n41 => n42, n47 => n48, n57 => n58"
1177,"n2 => n0, n4 => n5, n8 => n6"
1178,"n0 => n1, n5 => n3, n6 => n7, n14 => n15, n27 => n28, n42 => n43, n48 => n49, n58 => n59"
1179,"n1 => n2, n3 => n4, n7 => n8"
1180,"n2 => n0, n4 => n5, n8 => n6, n15 => n16, n28 => n29, n43 => n44, n49 => n50, n59 => n60"
1181,"n0 => n1, n5 => n3, n6 => n7"
1182,"n1 => n2, n3 => n4, n7 => n8, n16 => n17, n29 => n30, n44 => n33, n50 => n51, n60 => n61"
1183,"n2 => n0, n4 => n5, n8 => n6"
1184,"n0 => n1, n5 => n3, n6 => n7, n17 => n18, n30 => n31, n33 => n34, n51 => n52, n61 => n62"
1185,"n1 => n2, n3 => n4, n7 => n8"
1186,"n2 => n0, n4 => n5, n8 => n6, n18 => n19, n31 => n32, n34 => n35, n52 => n53, n62 => n63"
1187,"n0 => n1, n5 => n3, n6 => n7"
1188,"n1 => n2, n3 => n4, n7 => n8, n19 => n20, n32 => n21, n35 => n36, n53 => n54, n63 => n64"
1189,"n2 => n0, n4 => n5, n8 => n6"
1190,"n0 => n1, n5 => n3, n6 => n7, n20 => n9, n21 => n22, n36 => n37, n54 => n55, n64 => n65"
1191,"n1 => n2, n3 => n4, n7 => n8"
1192,"n2 => n0, n4 => n5, n8 => n6, n9 => n10, n22 => n23, n37 => n38, n55 => n56, n65 => n66"
1193,"n0 => n1, n5 => n3, n6 => n7"
1194,"n1 => n2, n3 => n4, n7 => n8, n10 => n11, n23 => n24, n38 => n39, n56 => n45, n66 => n67"
1195,"n2 => n0, n4 => n5, n8 => n6"
1196,"n0 => n1, n5 => n3, n6 => n7, n11 => n12, n24 => n25, n39 => n40, n45 => n46, n67 => n68"
1197,"n1 => n2, n3 => n4, n7 => n8"
1198,"n2 => n0, n4 => n5, n8 => n6, n12 => n13, n25 => n26, n40 => n41, n46 => n47, n68 => n69"
1199,"n0 => n1, n5 => n3, n6 => n7"
1200,"n1 => n2, n3 => n4, n7 => n8, n13 => n14, n26 => n27, n41 => n42, n47 => n48, n69 => n70"
1201,"n2 => n0, n4 => n5, n8 => n6"
1202,"n0 => n1, n5 => n3, n6 => n7, n14 => n15, n27 => n28, n42 => n43, n48 => n49, n70 => n71"
1203,"n1 => n2, n3 => n4, n7 => n8"
1204,"n2 => n0, n4 => n5, n8 => n6, n15 => n16, n28 => n29, n43 => n44, n49 => n50, n71 => n72"
1205,"n0 => n1, n5 => n3, n6 => n7"
1206,"n1 => n2, n3 => n4, n7 => n8, n16 => n17, n29 => n30, n44 => n33, n50 => n51, n72 => n73"
1207,"n2 => n0, n4 => n5, n8 => n6"
1208,"n0 => n1, n5 => n3, n6 => n7, n17 => n18, n30 => n31, n33 => n34, n51 => n52, n73 => n74"
1209,"n1 => n2, n3 => n4, n7 => n8"
1210,"n2 => n0, n4 => n5, n8 => n6, n18 => n19, n31 => n32, n34 => n35, n52 => n53, n74 => n75"
1211,"n0 => n1, n5 => n3, n6 => n7"
1212,"n1 => n2, n3 => n4, n7 => n8, n19 => n20, n32 => n21, n35 => n36, n53 => n54, n75 => n76"
1213,"n2 => n0, n4 => n5, n8 => n6"
1214,"n0 => n1, n5 => n3, n6 => n7, n20 => n9, n21 => n22, n36 => n37, n54 => n55, n76 => n77"
1215,"n1 => n2, n3 => n4, n7 => n8"
1216,"n2 => n0, n4 => n5, n8 => n6, n9 => n10, n22 => n23, n37 => n38, n55 => n56, n77 => n78"
1217,"n0 => n1, n5 => n3, n6 => n7"
1218,"n1 => n2, n3 => n4, n7 => n8, n10 => n11, n23 => n24, n38 => n39, n56 => n45, n78 => n79"
1219,"n2 => n0, n4 => n5, n8 => n6"
1220,"n0 => n1, n5 => n3, n6 => n7, n11 => n12, n24 => n25, n39 => n40, n45 => n46, n79 => n80"
1221,"n1 => n2, n3 => n4, n7 => n8"
1222,"n2 => n0, n4 => n5, n8 => n6, n12 => n13, n25 => n26, n40 => n41, n46 => n47, n80 => n57"
1223,"n0 => n1, n5 => n3, n6 => n7"
1224,"n1 => n2, n3 => n4, n7 => n8, n13 => n14, n26 => n27, n41 => n42, n47 => n48, n57 => n58"
1225,"n2 => n0, n4 => n5, n8 => n6"
1226,"n0 => n1, n5 => n3, n6 => n7, n14 => n15, n27 => n28, n42 => n43, n48 => n49, n58 => n59"
1227,"n1 => n2, n3 => n4, n7 => n8"
1228,"n2 => n0, n4 => n5, n8 => n6, n15 => n16, n28 => n29, n43 => n44, n49 => n50, n59 => n60"
1229,"n0 => n1, n5 => n3, n6 => n7"
1230,"n1 => n2, n3 => n4, n7 => n8, n16 => n17, n29 => n30, n44 => n33, n50 => n51, n60 => n61"
1231,"n2 => n0, n4 => n5, n8 => n6"
1232,"n0 => n1, n5 => n3, n6 => n7, n17 => n18, n30 => n31, n33 => n34, n51 => n52, n61 => n62"
1233,"n1 => n2, n3 => n4, n7 => n8"
1234,"n2 => n0, n4 => n5, n8 => n6, n18 => n19, n31 => n32, n34 => n35, n52 => n53, n62 => n63"
1235,"n0 => n1, n5 => n3, n6 => n7"
1236,"n1 => n2, n3 => n4, n7 => n8, n19 => n20, n32 => n21, n35 => n36, n53 => n54, n63 => n64"
1237,"n2 => n0, n4 => n5, n8 => n6"
1238,"n0 => n1, n5 => n3, n6 => n7, n20 => n9, n21 => n22, n36 => n37, n54 => n55, n64 => n65"
1239,"n1 => n2, n3 => n4, n7 => n8"
1240,"n2 => n0, n4 => n5, n8 => n6, n9 => n10, n22 => n23, n37 => n38, n55 => n56, n65 => n66"
1241,"n0 => n1, n5 => n3, n6 => n7"
1242,"n1 => n2, n3 => n4, n7 => n8, n10 => n11, n23 => n24, n38 => n39, n56 => n45, n66 => n67"
1243,"n2 => n0, n4 => n5, n8 => n6"
1244,"n0 => n1, n5 => n3, n6 => n7, n11 => n12, n24 => n25, n39 => n40, n45 => n46, n67 => n68"
1245,"n1 => n2, n3 => n4, n7 => n8"
1246,"n2 => n0, n4 => n5, n8 => n6, n12 => n13, n25 => n26, n40 => n41, n46 => n47, n68 => n69"
1247,"n0 => n1, n5 => n3, n6 => n7"
1248,"n1 => n2, n3 => n4, n7 => n8, n13 => n14, n26 => n27, n41 => n42, n47 => n48, n69 => n70"
1249,"n2 => n0, n4 => n5, n8 => n6"
1250,"n0 => n1, n5 => n3, n6 => n7, n14 => n15, n27 => n28, n42 => n43, n48 => n49, n70 => n71"
1251,"n1 => n2, n3 => n4, n7 => n8"
1252,"n2 => n0, n4 => n5, n8 => n6, n15 => n16, n28 => n29, n43 => n44, n49 => n50, n71 => n72"
1253,"n0 => n1, n5 => n3, n6 => n7"
1254,"n1 => n2, n3 => n4, n7 => n8, n16 => n17, n29 => n30, n44 => n33, n50 => n51, n72 => n73"
1255,"n2 => n0, n4 => n5, n8 => n6"
1256,"n0 => n1, n5 => n3, n6 => n7, n17 => n18, n30 => n31, n33 => n34, n51 => n52, n73 => n74"
1257,"n1 => n2, n3 => n4, n7 => n8"
1258,"n2 => n0, n4 => n5, n8 => n6, n18 => n19, n31 => n32, n34 => n35, n52 => n53, n74 => n75"
1259,"n0 => n1, n5 => n3, n6 => n7"
1260,"n1 => n2, n3 => n4, n7 => n8, n19 => n20, n32 => n21, n35 => n36, n53 => n54, n75 => n76"
1261,"n2 => n0, n4 => n5, n8 => n6"
1262,"n0 => n1, n5 => n3, n6 => n7, n20 => n9, n21 => n22, n36 => n37, n54 => n55, n76 => n77"
1263,"n1 => n2, n3 => n4, n7 => n8"
1264,"n2 => n0, n4 => n5, n8 => n6, n9 => n10, n22 => n23, n37 => n38, n55 => n56, n77 => n78"
1265,"n0 => n1, n5 => n3, n6 => n7"
1266,"n1 => n2, n3 => n4, n7 => n8, n10 => n11, n23 => n24, n38 => n39, n56 => n45, n78 => n79"
1267,"n2 => n0, n4 => n5, n8 => n6"
1268,"n0 => n1, n5 => n3, n6 => n7, n11 => n12, n24 => n25, n39 => n40, n45 => n46, n79 => n80"
1269,"n1 => n2, n3 => n4, n7 => n8"
1270,"n2 => n0, n4 => n5, n8 => n6, n12 => n13, n25 => n26, n40 => n41, n46 => n47, n80 => n57"
1271,"n0 => n1, n5 => n3, n6 => n7"
1272,"n1 => n2, n3 => n4, n7 => n8, n13 => n14, n26 => n27, n41 => n42, n47 => n48, n57 => n58"
1273,"n2 => n0, n4 => n5, n8 => n6"
1274,"n0 => n1, n5 => n3, n6 => n7, n14 => n15, n27 => n28, n42 => n43, n48 => n49, n58 => n59"
1275,"n1 => n2, n3 => n4, n7 => n8"
1276,"n2 => n0, n4 => n5, n8 => n6, n15 => n16, n28 => n29, n43 => n44, n49 => n50, n59 => n60"
1277,"n0 => n1, n5 => n3, n6 => n7"
1278,"n1 => n2, n3 => n4, n7 => n8, n16 => n17, n29 => n30, n44 => n33, n50 => n51, n60 => n61"
1279,"n2 => n0, n4 => n5, n8 => n6"
1280,"n0 => n1, n5 => n3, n6 => n7, n17 => n18, n30 => n31, n33 => n34, n51 => n52, n61 => n62"
1281,"n1 => n2, n3 => n4, n7 => n8"
1282,"n2 => n0, n4 => n5, n8 => n6, n18 => n19, n31 => n32, n34 => n35, n52 => n53, n62 => n63"
1283,"n0 => n1, n5 => n3, n6 => n7"
1284,"n1 => n2, n3 => n4, n7 => n8, n19 => n20, n32 => n21, n35 => n36, n53 => n54, n63 => n64"
1285,"n2 => n0, n4 => n5, n8 => n6"
1286,"n0 => n1, n5 => n3, n6 => n7, n20 => n9, n21 => n22, n36 => n37, n54 => n55, n64 => n65"
1287,"n1 => n2, n3 => n4, n7 => n8"
1288,"n2 => n0, n4 => n5, n8 => n6, n9 => n10, n22 => n23, n37 => n38, n55 => n56, n65 => n66"
1289,"n0 => n1, n5 => n3, n6 => n7"
1290,"n1 => n2, n3 => n4, n7 => n8, n10 => n11, n23 => n24, n38 => n39, n56 => n45, n66 => n67"
1291,"n2 => n0, n4 => n5, n8 => n6"
1292,"n0 => n1, n5 => n3, n6 => n7, n11 => n12, n24 => n25, n39 => n40, n45 => n46, n67 => n68"
1293,"n1 => n2, n3 => n4, n7 => n8"
1294,"n2 => n0, n4 => n5, n8 => n6, n12 => n13, n25 => n26, n40 => n41, n46 => n47, n68 => n69"
1295,"n0 => n1, n5 => n3, n6 => n7"
1296,"n1 => n2, n3 => n4, n7 => n8, n13 => n14, n26 => n27, n41 => n42, n47 => n48, n69 => n70"
1297,"n2 => n0, n4 => n5, n8 => n6"
1298,"n0 => n1, n5 => n3, n6 => n7, n14 => n15, n27 => n28, n42 => n43, n48 => n49, n70 => n71"
1299,"n1 => n2, n3 => n4, n7 => n8"
1300,"n2 => n0, n4 => n5, n8 => n6, n15 => n16, n28 => n29, n43 => n44, n49 => n50, n71 => n72"
1301,"n0 => n1, n5 => n3, n6 => n7"
1302,"n1 => n2, n3 => n4, n7 => n8, n16 => n17, n29 => n30, n44 => n33, n50 => n51, n72 => n73"
1303,"n2 => n0, n4 => n5, n8 => n6"
1304,"n0 => n1, n5 => n3, n6 => n7, n17 => n18, n30 => n31, n33 => n34, n51 => n52, n73 => n74"
1305,"n1 => n2, n3 => n4, n7 => n8"
1306,"n2 => n0, n4 => n5, n8 => n6, n18 => n19, n31 => n32, n34 => n35, n52 => n53, n74 => n75"
1307,"n0 => n1, n5 => n3, n6 => n7"
1308,"n1 => n2, n3 => n4, n7 => n8, n19 => n20, n32 => n21, n35 => n36, n53 => n54, n75 => n76"
1309,"n2 => n0, n4 => n5, n8 => n6"
1310,"n0 => n1, n5 => n3, n6 => n7, n20 => n9, n21 => n22, n36 => n37, n54 => n55, n76 => n77"
1311,"n1 => n2, n3 => n4, n7 => n8"
1312,"n2 => n0, n4 => n5, n8 => n6, n9 => n10, n22 => n23, n37 => n38, n55 => n56, n77 => n78"
1313,"n0 => n1, n5 => n3, n6 => n7"
1314,"n1 => n2, n3 => n4, n7 => n8, n10 => n11, n23 => n24, n38 => n39, n56 => n45, n78 => n79"
1315,"n2 => n0, n4 => n5, n8 => n6"
1316,"n0 => n1, n5 => n3, n6 => n7, n11 => n12, n24 => n25, n39 => n40, n45 => n46, n79 => n80"
1317,"n1 => n2, n3 => n4, n7 => n8"
1318,"n2 => n0, n4 => n5, n8 => n6, n12 => n13, n25 => n26, n40 => n41, n46 => n47, n80 => n57"
1319,"n0 => n1, n5 => n3, n6 => n7"
1320,"n1 => n2, n3 => n4, n7 => n8, n13 => n14, n26 => n27, n41 => n42, n47 => n48, n57 => n58"
1321,"n2 => n0, n4 => n5, n8 => n6"
1322,"n0 => n1, n5 => n3, n6 => n7, n14 => n15, n27 => n28, n42 => n43, n48 => n49, n58 => n59"
1323,"n1 => n2, n3 => n4, n7 => n8"
1324,"n2 => n0, n4 => n5, n8 => n6, n15 => n16, n28 => n29, n43 => n44, n49 => n50, n59 => n60"
1325,"n0 => n1, n5 => n3, n6 => n7"
1326,"n1 => n2, n3 => n4, n7 => n8, n16 => n17, n29 => n30, n44 => n33, n50 => n51, n60 => n61"
1327,"n2 => n0, n4 => n5, n8 => n6"
1328,"n0 => n1, n5 => n3, n6 => n7, n17 => n18, n30 => n31, n33 => n34, n51 => n52, n61 => n62"
1329,"n1 => n2, n3 => n4, n7 => n8"
1330,"n2 => n0, n4 => n5, n8 => n6, n18 => n19, n31 => n32, n34 => n35, n52 => n53, n62 => n63"
1331,"n0 => n1, n5 => n3, n6 => n7"
1332,"n1 => n2, n3 => n4, n7 => n8, n19 => n20, n32 => n21, n35 => n36, n53 => n54, n63 => n64"
1333,"n2 => n0, n4 => n5, n8 => n6"
1334,"n0 => n1, n5 => n3, n6 => n7, n20 => n9, n21 => n22, n36 => n37, n54 => n55, n64 => n65"
1335,"n1 => n2, n3 => n4, n7 => n8"
1336,"n2 => n0, n4 => n5, n8 => n6, n9 => n10, n22 => n23, n37 => n38, n55 => n56, n65 => n66"
1337,"n0 => n1, n5 => n3, n6 => n7"
1338,"n1 => n2, n3 => n4, n7 => n8, n10 => n11, n23 => n24, n38 => n39, n56 => n45, n66 => n67"
1339,"n2 => n0, n4 => n5, n8 => n6"
1340,"n0 => n1, n5 => n3, n6 => n7, n11 => n12, n24 => n25, n39 => n40, n45 => n46, n67 => n68"
1341,"n1 => n2, n3 => n4, n7 => n8"
1342,"n2 => n0, n4 => n5, n8 => n6, n12 => n13, n25 => n26, n40 => n41, n46 => n47, n68 => n69"
1343,"n0 => n1, n5 => n3, n6 => n7"
1344,"n1 => n2, n3 => n4, n7 => n8, n13 => n14, n26 => n27, n41 => n42, n47 => n48, n69 => n70"
1345,"n2 => n0, n4 => n5, n8 => n6"
1346,"n0 => n1, n5 => n3, n6 => n7, n14 => n15, n27 => n28, n42 => n43, n48 => n49, n70 => n71"
1347,"n1 => n2, n3 => n4, n7 => n8"
1348,"n2 => n0, n4 => n5, n8 => n6, n15 => n16, n28 => n29, n43 => n44, n49 => n50, n71 => n72"
1349,"n0 => n1, n5 => n3, n6 => n7"
1350,"n1 => n2, n3 => n4, n7 => n8, n16 => n17, n29 => n30, n44 => n33, n50 => n51, n72 => n73"
1351,"n2 => n0, n4 => n5, n8 => n6"
1352,"n0 => n1, n5 => n3, n6 => n7, n17 => n18, n30 => n31, n33 => n34, n51 => n52, n73 => n74"
1353,"n1 => n2, n3 => n4, n7 => n8"
1354,"n2 => n0, n4 => n5, n8 => n6, n18 => n19, n31 => n32, n34 => n35, n52 => n53, n74 => n75"
1355,"n0 => n1, n5 => n3, n6 => n7"
1356,"n1 => n2, n3 => n4, n7 => n8, n19 => n20, n32 => n21, n35 => n36, n53 => n54, n75 => n76"
1357,"n2 => n0, n4 => n5, n8 => n6"
1358,"n0 => n1, n5 => n3, n6 => n7, n20 => n9, n21 => n22, n36 => n37, n54 => n55, n76 => n77"
1359,"n1 => n2, n3 => n4, n7 => n8"
1360,"n2 => n0, n4 => n5, n8 => n6, n9 => n10, n22 => n23, n37 => n38, n55 => n56, n77 => n78"
1361,"n0 => n1, n5 => n3, n6 => n7"
1362,"n1 => n2, n3 => n4, n7 => n8, n10 => n11, n23 => n24, n38 => n39, n56 => n45, n78 => n79"
1363,"n2 => n0, n4 => n5, n8 => n6"
1364,"n0 => n1, n5 => n3, n6 => n7, n11 => n12, n24 => n25, n39 => n40, n45 => n46, n79 => n80"
1365,"n1 => n2, n3 => n4, n7 => n8"
1366,"n2 => n0, n4 => n5, n8 => n6, n12 => n13, n25 => n26, n40 => n41, n46 => n47, n80 => n57"
1367,"n0 => n1, n5 => n3, n6 => n7"
1368,"n1 => n2, n3 => n4, n7 => n8, n13 => n14, n26 => n27, n41 => n42, n47 => n48, n57 => n58"
1369,"n2 => n0, n4 => n5, n8 => n6"
1370,"n0 => n1, n5 => n3, n6 => n7, n14 => n15, n27 => n28, n42 => n43, n48 => n49, n58 => n59"
1371,"n1 => n2, n3 => n4, n7 => n8"
1372,"n2 => n0, n4 => n5, n8 => n6, n15 => n16, n28 => n29, n43 => n44, n49 => n50, n59 => n60"
1373,"n0 => n1, n5 => n3, n6 => n7"
1374,"n1 => n2, n3 => n4, n7 => n8, n16 => n17, n29 => n30, n44 => n33, n50 => n51, n60 => n61"
1375,"n2 => n0, n4 => n5, n8 => n6"
1376,"n0 => n1, n5 => n3, n6 => n7, n17 => n18, n30 => n31, n33 => n34, n51 => n52, n61 => n62"
1377,"n1 => n2, n3 => n4, n7 => n8"
1378,"n2 => n0, n4 => n5, n8 => n6, n18 => n19, n31 => n32, n34 => n35, n52 => n53, n62 => n63"
1379,"n0 => n1, n5 => n3, n6 => n7"
1380,"n1 => n2, n3 => n4, n7 => n8, n19 => n20, n32 => n21, n35 => n36, n53 => n54, n63 => n64"
1381,"n2 => n0, n4 => n5, n8 => n6"
1382,"n0 => n1, n5 => n3, n6 => n7, n20 => n9, n21 => n22, n36 => n37, n54 => n55, n64 => n65"
1383,"n1 => n2, n3 => n4, n7 => n8"
1384,"n2 => n0, n4 => n5, n8 => n6, n9 => n10, n22 => n23, n37 => n38, n55 => n56, n65 => n66"
1385,"n0 => n1, n5 => n3, n6 => n7"
1386,"n1 => n2, n3 => n4, n7 => n8, n10 => n11, n23 => n24, n38 => n39, n56 => n45, n66 => n67"
1387,"n2 => n0, n4 => n5, n8 => n6"
1388,"n0 => n1, n5 => n3, n6 => n7, n11 => n12, n24 => n25, n39 => n40, n45 => n46, n67 => n68"
1389,"n1 => n2, n3 => n4, n7 => n8"
1390,"n2 => n0, n4 => n5, n8 => n6, n12 => n13, n25 => n26, n40 => n41, n46 => n47, n68 => n69"
1391,"n0 => n1, n5 => n3, n6 => n7"
1392,"n1 => n2, n3 => n4, n7 => n8, n13 => n14, n26 => n27, n41 => n42, n47 => n48, n69 => n70"
1393,"n2 => n0, n4 => n5, n8 => n6"
1394,"n0 => n1, n5 => n3, n6 => n7, n14 => n15, n27 => n28, n42 => n43, n48 => n49, n70 => n71"
1395,"n1 => n2, n3 => n4, n7 => n8"
1396,"n2 => n0, n4 => n5, n8 => n6, n15 => n16, n28 => n29, n43 => n44, n49 => n50, n71 => n72"
1397,"n0 => n1, n5 => n3, n6 => n7"
1398,"n1 => n2, n3 => n4, n7 => n8, n16 => n17, n29 => n30, n44 => n33, n50 => n51, n72 => n73"
1399,"n2 => n0, n4 => n5, n8 => n6"
1400,"n0 => n1, n5 => n3, n6 => n7, n17 => n18, n30 => n31, n33 => n34, n51 => n52, n73 => n74"
1401,"n1 => n2, n3 => n4, n7 => n8"
1402,"n2 => n0, n4 => n5, n8 => n6, n18 => n19, n31 => n32, n34 => n35, n52 => n53, n74 => n75"
1403,"n0 => n1, n5 => n3, n6 => n7"
1404,"n1 => n2, n3 => n4, n7 => n8, n19 => n20, n32 => n21, n35 => n36, n53 => n54, n75 => n76"
1405,"n2 => n0, n4 => n5, n8 => n6"
1406,"n0 => n1, n5 => n3, n6 => n7, n20 => n9, n21 => n22, n36 => n37, n54 => n55, n76 => n77"
1407,"n1 => n2, n3 => n4, n7 => n8"
1408,"n2 => n0, n4 => n5, n8 => n6, n9 => n10, n22 => n23, n37 => n38, n55 => n56, n77 => n78"
1409,"n0 => n1, n5 => n3, n6 => n7"
1410,"n1 => n2, n3 => n4, n7 => n8, n10 => n11, n23 => n24, n38 => n39, n56 => n45, n78 => n79"
1411,"n2 => n0, n4 => n5, n8 => n6"
1412,"n0 => n1, n5 => n3, n6 => n7, n11 => n12, n24 => n25, n39 => n40, n45 => n46, n79 => n80"
1413,"n1 => n2, n3 => n4, n7 => n8"
1414,"n2 => n0, n4 => n5, n8 => n6, n12 => n13, n25 => n26, n40 => n41, n46 => n47, n80 => n57"
1415,"n0 => n1, n5 => n3, n6 => n7"
1416,"n1 => n2, n3 => n4, n7 => n8, n13 => n14, n26 => n27, n41 => n42, n47 => n48, n57 => n58"
1417,"n2 => n0, n4 => n5, n8 => n6"
1418,"n0 => n1, n5 => n3, n6 => n7, n14 => n15, n27 => n28, n42 => n43, n48 => n49, n58 => n59"
1419,"n1 => n2, n3 => n4, n7 => n8"
1420,"n2 => n0, n4 => n5, n8 => n6, n15 => n16, n28 => n29, n43 => n44, n49 => n50, n59 => n60"
1421,"n0 => n1, n5 => n3, n6 => n7"
1422,"n1 => n2, n3 => n4, n7 => n8, n16 => n17, n29 => n30, n44 => n33, n50 => n51, n60 => n61"
1423,"n2 => n0, n4 => n5, n8 => n6"
1424,"n0 => n1, n5 => n3, n6 => n7, n17 => n18, n30 => n31, n33 => n34, n51 => n52, n61 => n62"
1425,"n1 => n2, n3 => n4, n7 => n8"
1426,"n2 => n0, n4 => n5, n8 => n6, n18 => n19, n31 => n32, n34 => n35, n52 => n53, n62 => n63"
1427,"n0 => n1, n5 => n3, n6 => n7"
1428,"n1 => n2, n3 => n4, n7 => n8, n19 => n20, n32 => n21, n35 => n36, n53 => n54, n63 => n64"
1429,"n2 => n0, n4 => n5, n8 => n6"
1430,"n0 => n1, n5 => n3, n6 => n7, n20 => n9, n21 => n22, n36 => n37, n54 => n55, n64 => n65"
1431,"n1 => n2, n3 => n4, n7 => n8"
1432,"n2 => n0, n4 => n5, n8 => n6, n9 => n10, n22 => n23, n37 => n38, n55 => n56, n65 => n66"
1433,"n0 => n1, n5 => n3, n6 => n7"
1434,"n1 => n2, n3 => n4, n7 => n8, n10 => n11, n23 => n24, n38 => n39, n56 => n45, n66 => n67"
1435,"n2 => n0, n4 => n5, n8 => n6"
1436,"n0 => n1, n5 => n3, n6 => n7, n11 => n12, n24 => n25, n39 => n40, n45 => n46, n67 => n68"
1437,"n1 => n2, n3 => n4, n7 => n8"
1438,"n2 => n0, n4 => n5, n8 => n6, n12 => n13, n25 => n26, n40 => n41, n46 => n47, n68 => n69"
1439,"n0 => n1, n5 => n3, n6 => n7"
1440,"n1 => n2, n3 => n4, n7 => n8, n13 => n14, n26 => n27, n41 => n42, n47 => n48, n69 => n70"
